Timing Analyzer report for pipeline_cpu
Mon Dec 01 14:37:53 2025
Quartus Prime Version 20.1.0 Build 711 06/05/2020 SJ Lite Edition


---------------------
; Table of Contents ;
---------------------
  1. Legal Notice
  2. Timing Analyzer Summary
  3. Parallel Compilation
  4. Clocks
  5. Slow 1200mV 85C Model Fmax Summary
  6. Timing Closure Recommendations
  7. Slow 1200mV 85C Model Setup Summary
  8. Slow 1200mV 85C Model Hold Summary
  9. Slow 1200mV 85C Model Recovery Summary
 10. Slow 1200mV 85C Model Removal Summary
 11. Slow 1200mV 85C Model Minimum Pulse Width Summary
 12. Slow 1200mV 85C Model Setup: 'clock'
 13. Slow 1200mV 85C Model Setup: 'CLOCK_50'
 14. Slow 1200mV 85C Model Hold: 'clock'
 15. Slow 1200mV 85C Model Hold: 'CLOCK_50'
 16. Slow 1200mV 85C Model Metastability Summary
 17. Slow 1200mV 0C Model Fmax Summary
 18. Slow 1200mV 0C Model Setup Summary
 19. Slow 1200mV 0C Model Hold Summary
 20. Slow 1200mV 0C Model Recovery Summary
 21. Slow 1200mV 0C Model Removal Summary
 22. Slow 1200mV 0C Model Minimum Pulse Width Summary
 23. Slow 1200mV 0C Model Setup: 'clock'
 24. Slow 1200mV 0C Model Setup: 'CLOCK_50'
 25. Slow 1200mV 0C Model Hold: 'clock'
 26. Slow 1200mV 0C Model Hold: 'CLOCK_50'
 27. Slow 1200mV 0C Model Metastability Summary
 28. Fast 1200mV 0C Model Setup Summary
 29. Fast 1200mV 0C Model Hold Summary
 30. Fast 1200mV 0C Model Recovery Summary
 31. Fast 1200mV 0C Model Removal Summary
 32. Fast 1200mV 0C Model Minimum Pulse Width Summary
 33. Fast 1200mV 0C Model Setup: 'clock'
 34. Fast 1200mV 0C Model Setup: 'CLOCK_50'
 35. Fast 1200mV 0C Model Hold: 'clock'
 36. Fast 1200mV 0C Model Hold: 'CLOCK_50'
 37. Fast 1200mV 0C Model Metastability Summary
 38. Multicorner Timing Analysis Summary
 39. Board Trace Model Assignments
 40. Input Transition Times
 41. Signal Integrity Metrics (Slow 1200mv 0c Model)
 42. Signal Integrity Metrics (Slow 1200mv 85c Model)
 43. Signal Integrity Metrics (Fast 1200mv 0c Model)
 44. Setup Transfers
 45. Hold Transfers
 46. Report TCCS
 47. Report RSKM
 48. Unconstrained Paths Summary
 49. Clock Status Summary
 50. Unconstrained Input Ports
 51. Unconstrained Output Ports
 52. Unconstrained Input Ports
 53. Unconstrained Output Ports
 54. Timing Analyzer Messages



----------------
; Legal Notice ;
----------------
Copyright (C) 2020  Intel Corporation. All rights reserved.
Your use of Intel Corporation's design tools, logic functions 
and other software and tools, and any partner logic 
functions, and any output files from any of the foregoing 
(including device programming or simulation files), and any 
associated documentation or information are expressly subject 
to the terms and conditions of the Intel Program License 
Subscription Agreement, the Intel Quartus Prime License Agreement,
the Intel FPGA IP License Agreement, or other applicable license
agreement, including, without limitation, that your use is for
the sole purpose of programming logic devices manufactured by
Intel and sold by Intel or its authorized distributors.  Please
refer to the applicable agreement for further details, at
https://fpgasoftware.intel.com/eula.



+-----------------------------------------------------------------------------+
; Timing Analyzer Summary                                                     ;
+-----------------------+-----------------------------------------------------+
; Quartus Prime Version ; Version 20.1.0 Build 711 06/05/2020 SJ Lite Edition ;
; Timing Analyzer       ; Legacy Timing Analyzer                              ;
; Revision Name         ; pipeline_cpu                                        ;
; Device Family         ; Cyclone IV E                                        ;
; Device Name           ; EP4CE115F29C7                                       ;
; Timing Models         ; Final                                               ;
; Delay Model           ; Combined                                            ;
; Rise/Fall Delays      ; Enabled                                             ;
+-----------------------+-----------------------------------------------------+


+------------------------------------------+
; Parallel Compilation                     ;
+----------------------------+-------------+
; Processors                 ; Number      ;
+----------------------------+-------------+
; Number detected on machine ; 12          ;
; Maximum allowed            ; 8           ;
;                            ;             ;
; Average used               ; 1.06        ;
; Maximum used               ; 8           ;
;                            ;             ;
; Usage by Processor         ; % Time Used ;
;     Processor 1            ; 100.0%      ;
;     Processor 2            ;   0.9%      ;
;     Processors 3-8         ;   0.8%      ;
+----------------------------+-------------+


+--------------------------------------------------------------------------------------------------------------------------------------------------------------------------------------+
; Clocks                                                                                                                                                                               ;
+------------+------+--------+------------+-------+-------+------------+-----------+-------------+-------+--------+-----------+------------+----------+--------+--------+--------------+
; Clock Name ; Type ; Period ; Frequency  ; Rise  ; Fall  ; Duty Cycle ; Divide by ; Multiply by ; Phase ; Offset ; Edge List ; Edge Shift ; Inverted ; Master ; Source ; Targets      ;
+------------+------+--------+------------+-------+-------+------------+-----------+-------------+-------+--------+-----------+------------+----------+--------+--------+--------------+
; clock      ; Base ; 1.000  ; 1000.0 MHz ; 0.000 ; 0.500 ;            ;           ;             ;       ;        ;           ;            ;          ;        ;        ; { clock }    ;
; CLOCK_50   ; Base ; 1.000  ; 1000.0 MHz ; 0.000 ; 0.500 ;            ;           ;             ;       ;        ;           ;            ;          ;        ;        ; { CLOCK_50 } ;
+------------+------+--------+------------+-------+-------+------------+-----------+-------------+-------+--------+-----------+------------+----------+--------+--------+--------------+


+-----------------------------------------------------------------------------------------------------------+
; Slow 1200mV 85C Model Fmax Summary                                                                        ;
+------------+-----------------+------------+---------------------------------------------------------------+
; Fmax       ; Restricted Fmax ; Clock Name ; Note                                                          ;
+------------+-----------------+------------+---------------------------------------------------------------+
; 119.43 MHz ; 119.43 MHz      ; clock      ;                                                               ;
; 376.22 MHz ; 250.0 MHz       ; CLOCK_50   ; limit due to minimum period restriction (max I/O toggle rate) ;
+------------+-----------------+------------+---------------------------------------------------------------+
This panel reports FMAX for every clock in the design, regardless of the user-specified clock periods.  FMAX is only computed for paths where the source and destination registers or ports are driven by the same clock.  Paths of different clocks, including generated clocks, are ignored.  For paths between a clock and its inversion, FMAX is computed as if the rising and falling edges are scaled along with FMAX, such that the duty cycle (in terms of a percentage) is maintained. Altera recommends that you always use clock constraints and other slack reports for sign-off analysis.


----------------------------------
; Timing Closure Recommendations ;
----------------------------------
HTML report is unavailable in plain text report export.


+-------------------------------------+
; Slow 1200mV 85C Model Setup Summary ;
+----------+--------+-----------------+
; Clock    ; Slack  ; End Point TNS   ;
+----------+--------+-----------------+
; clock    ; -7.373 ; -732.104        ;
; CLOCK_50 ; -1.658 ; -22.040         ;
+----------+--------+-----------------+


+------------------------------------+
; Slow 1200mV 85C Model Hold Summary ;
+----------+-------+-----------------+
; Clock    ; Slack ; End Point TNS   ;
+----------+-------+-----------------+
; clock    ; 0.404 ; 0.000           ;
; CLOCK_50 ; 0.440 ; 0.000           ;
+----------+-------+-----------------+


------------------------------------------
; Slow 1200mV 85C Model Recovery Summary ;
------------------------------------------
No paths to report.


-----------------------------------------
; Slow 1200mV 85C Model Removal Summary ;
-----------------------------------------
No paths to report.


+---------------------------------------------------+
; Slow 1200mV 85C Model Minimum Pulse Width Summary ;
+----------+--------+-------------------------------+
; Clock    ; Slack  ; End Point TNS                 ;
+----------+--------+-------------------------------+
; CLOCK_50 ; -3.000 ; -20.990                       ;
; clock    ; -1.285 ; -443.325                      ;
+----------+--------+-------------------------------+


+--------------------------------------------------------------------------------------------------------------------------------------------------------+
; Slow 1200mV 85C Model Setup: 'clock'                                                                                                                   ;
+--------+---------------------------------+---------------------------------------+--------------+-------------+--------------+------------+------------+
; Slack  ; From Node                       ; To Node                               ; Launch Clock ; Latch Clock ; Relationship ; Clock Skew ; Data Delay ;
+--------+---------------------------------+---------------------------------------+--------------+-------------+--------------+------------+------------+
; -7.373 ; id_ex:S_ID_EX|EX_out_reg[1]     ; ex_mem:S_EX_MEM|regis16:R_ALU_R|R[15] ; clock        ; clock       ; 1.000        ; -0.080     ; 8.291      ;
; -7.234 ; id_ex:S_ID_EX|RD_EX_reg[0]      ; ex_mem:S_EX_MEM|regis16:R_ALU_R|R[15] ; clock        ; clock       ; 1.000        ; -0.080     ; 8.152      ;
; -7.056 ; id_ex:S_ID_EX|RT_Data_EX_reg[3] ; ex_mem:S_EX_MEM|regis16:R_ALU_R|R[15] ; clock        ; clock       ; 1.000        ; -0.080     ; 7.974      ;
; -7.052 ; id_ex:S_ID_EX|RT_EX_reg[0]      ; ex_mem:S_EX_MEM|regis16:R_ALU_R|R[15] ; clock        ; clock       ; 1.000        ; -0.080     ; 7.970      ;
; -7.032 ; id_ex:S_ID_EX|RD_EX_reg[1]      ; ex_mem:S_EX_MEM|regis16:R_ALU_R|R[15] ; clock        ; clock       ; 1.000        ; -0.080     ; 7.950      ;
; -6.978 ; id_ex:S_ID_EX|RT_Data_EX_reg[0] ; ex_mem:S_EX_MEM|regis16:R_ALU_R|R[15] ; clock        ; clock       ; 1.000        ; -0.080     ; 7.896      ;
; -6.901 ; id_ex:S_ID_EX|RT_Data_EX_reg[1] ; ex_mem:S_EX_MEM|regis16:R_ALU_R|R[15] ; clock        ; clock       ; 1.000        ; -0.080     ; 7.819      ;
; -6.870 ; id_ex:S_ID_EX|EX_out_reg[1]     ; ex_mem:S_EX_MEM|regis16:R_ALU_R|R[14] ; clock        ; clock       ; 1.000        ; -0.080     ; 7.788      ;
; -6.815 ; id_ex:S_ID_EX|EX_out_reg[1]     ; ex_mem:S_EX_MEM|regis16:R_ALU_R|R[13] ; clock        ; clock       ; 1.000        ; -0.080     ; 7.733      ;
; -6.744 ; id_ex:S_ID_EX|RT_Data_EX_reg[2] ; ex_mem:S_EX_MEM|regis16:R_ALU_R|R[15] ; clock        ; clock       ; 1.000        ; -0.080     ; 7.662      ;
; -6.724 ; id_ex:S_ID_EX|RD_EX_reg[0]      ; ex_mem:S_EX_MEM|regis16:R_ALU_R|R[14] ; clock        ; clock       ; 1.000        ; -0.080     ; 7.642      ;
; -6.697 ; id_ex:S_ID_EX|EX_out_reg[1]     ; ex_mem:S_EX_MEM|regis16:R_ALU_R|R[11] ; clock        ; clock       ; 1.000        ; -0.080     ; 7.615      ;
; -6.676 ; id_ex:S_ID_EX|RD_EX_reg[0]      ; ex_mem:S_EX_MEM|regis16:R_ALU_R|R[13] ; clock        ; clock       ; 1.000        ; -0.080     ; 7.594      ;
; -6.626 ; id_ex:S_ID_EX|RT_Data_EX_reg[4] ; ex_mem:S_EX_MEM|regis16:R_ALU_R|R[15] ; clock        ; clock       ; 1.000        ; -0.080     ; 7.544      ;
; -6.577 ; id_ex:S_ID_EX|Src_A_reg[0]      ; ex_mem:S_EX_MEM|regis16:R_ALU_R|R[15] ; clock        ; clock       ; 1.000        ; -0.080     ; 7.495      ;
; -6.549 ; id_ex:S_ID_EX|RT_EX_reg[0]      ; ex_mem:S_EX_MEM|regis16:R_ALU_R|R[14] ; clock        ; clock       ; 1.000        ; -0.080     ; 7.467      ;
; -6.547 ; id_ex:S_ID_EX|RD_EX_reg[0]      ; ex_mem:S_EX_MEM|regis16:R_ALU_R|R[11] ; clock        ; clock       ; 1.000        ; -0.080     ; 7.465      ;
; -6.546 ; id_ex:S_ID_EX|RT_Data_EX_reg[3] ; ex_mem:S_EX_MEM|regis16:R_ALU_R|R[14] ; clock        ; clock       ; 1.000        ; -0.080     ; 7.464      ;
; -6.522 ; id_ex:S_ID_EX|RD_EX_reg[1]      ; ex_mem:S_EX_MEM|regis16:R_ALU_R|R[14] ; clock        ; clock       ; 1.000        ; -0.080     ; 7.440      ;
; -6.498 ; id_ex:S_ID_EX|RT_Data_EX_reg[3] ; ex_mem:S_EX_MEM|regis16:R_ALU_R|R[13] ; clock        ; clock       ; 1.000        ; -0.080     ; 7.416      ;
; -6.494 ; id_ex:S_ID_EX|RT_EX_reg[0]      ; ex_mem:S_EX_MEM|regis16:R_ALU_R|R[13] ; clock        ; clock       ; 1.000        ; -0.080     ; 7.412      ;
; -6.474 ; id_ex:S_ID_EX|RD_EX_reg[1]      ; ex_mem:S_EX_MEM|regis16:R_ALU_R|R[13] ; clock        ; clock       ; 1.000        ; -0.080     ; 7.392      ;
; -6.468 ; id_ex:S_ID_EX|RT_Data_EX_reg[0] ; ex_mem:S_EX_MEM|regis16:R_ALU_R|R[14] ; clock        ; clock       ; 1.000        ; -0.080     ; 7.386      ;
; -6.420 ; id_ex:S_ID_EX|RT_Data_EX_reg[0] ; ex_mem:S_EX_MEM|regis16:R_ALU_R|R[13] ; clock        ; clock       ; 1.000        ; -0.080     ; 7.338      ;
; -6.418 ; id_ex:S_ID_EX|Src_A_reg[1]      ; ex_mem:S_EX_MEM|regis16:R_ALU_R|R[15] ; clock        ; clock       ; 1.000        ; -0.472     ; 6.944      ;
; -6.391 ; id_ex:S_ID_EX|RT_Data_EX_reg[1] ; ex_mem:S_EX_MEM|regis16:R_ALU_R|R[14] ; clock        ; clock       ; 1.000        ; -0.080     ; 7.309      ;
; -6.376 ; id_ex:S_ID_EX|RT_EX_reg[0]      ; ex_mem:S_EX_MEM|regis16:R_ALU_R|R[11] ; clock        ; clock       ; 1.000        ; -0.080     ; 7.294      ;
; -6.343 ; id_ex:S_ID_EX|RT_Data_EX_reg[1] ; ex_mem:S_EX_MEM|regis16:R_ALU_R|R[13] ; clock        ; clock       ; 1.000        ; -0.080     ; 7.261      ;
; -6.338 ; id_ex:S_ID_EX|RD_EX_reg[1]      ; ex_mem:S_EX_MEM|regis16:R_ALU_R|R[11] ; clock        ; clock       ; 1.000        ; -0.080     ; 7.256      ;
; -6.287 ; id_ex:S_ID_EX|RT_Data_EX_reg[3] ; ex_mem:S_EX_MEM|regis16:R_ALU_R|R[11] ; clock        ; clock       ; 1.000        ; -0.080     ; 7.205      ;
; -6.260 ; id_ex:S_ID_EX|EX_out_reg[1]     ; ex_mem:S_EX_MEM|regis16:R_ALU_R|R[12] ; clock        ; clock       ; 1.000        ; -0.080     ; 7.178      ;
; -6.234 ; id_ex:S_ID_EX|RT_Data_EX_reg[2] ; ex_mem:S_EX_MEM|regis16:R_ALU_R|R[14] ; clock        ; clock       ; 1.000        ; -0.080     ; 7.152      ;
; -6.209 ; id_ex:S_ID_EX|RT_Data_EX_reg[0] ; ex_mem:S_EX_MEM|regis16:R_ALU_R|R[11] ; clock        ; clock       ; 1.000        ; -0.080     ; 7.127      ;
; -6.186 ; id_ex:S_ID_EX|RT_Data_EX_reg[2] ; ex_mem:S_EX_MEM|regis16:R_ALU_R|R[13] ; clock        ; clock       ; 1.000        ; -0.080     ; 7.104      ;
; -6.169 ; id_ex:S_ID_EX|RT_Data_EX_reg[1] ; ex_mem:S_EX_MEM|regis16:R_ALU_R|R[11] ; clock        ; clock       ; 1.000        ; -0.080     ; 7.087      ;
; -6.116 ; id_ex:S_ID_EX|RT_Data_EX_reg[4] ; ex_mem:S_EX_MEM|regis16:R_ALU_R|R[14] ; clock        ; clock       ; 1.000        ; -0.080     ; 7.034      ;
; -6.110 ; id_ex:S_ID_EX|RD_EX_reg[0]      ; ex_mem:S_EX_MEM|regis16:R_ALU_R|R[12] ; clock        ; clock       ; 1.000        ; -0.080     ; 7.028      ;
; -6.068 ; id_ex:S_ID_EX|RT_Data_EX_reg[4] ; ex_mem:S_EX_MEM|regis16:R_ALU_R|R[13] ; clock        ; clock       ; 1.000        ; -0.080     ; 6.986      ;
; -6.067 ; id_ex:S_ID_EX|Src_A_reg[0]      ; ex_mem:S_EX_MEM|regis16:R_ALU_R|R[14] ; clock        ; clock       ; 1.000        ; -0.080     ; 6.985      ;
; -6.040 ; id_ex:S_ID_EX|Src_A_reg[2]      ; ex_mem:S_EX_MEM|regis16:R_ALU_R|R[15] ; clock        ; clock       ; 1.000        ; -0.472     ; 6.566      ;
; -6.019 ; id_ex:S_ID_EX|Src_A_reg[0]      ; ex_mem:S_EX_MEM|regis16:R_ALU_R|R[13] ; clock        ; clock       ; 1.000        ; -0.080     ; 6.937      ;
; -5.978 ; id_ex:S_ID_EX|RT_Data_EX_reg[2] ; ex_mem:S_EX_MEM|regis16:R_ALU_R|R[11] ; clock        ; clock       ; 1.000        ; -0.080     ; 6.896      ;
; -5.939 ; id_ex:S_ID_EX|RT_EX_reg[0]      ; ex_mem:S_EX_MEM|regis16:R_ALU_R|R[12] ; clock        ; clock       ; 1.000        ; -0.080     ; 6.857      ;
; -5.908 ; id_ex:S_ID_EX|Src_A_reg[1]      ; ex_mem:S_EX_MEM|regis16:R_ALU_R|R[14] ; clock        ; clock       ; 1.000        ; -0.472     ; 6.434      ;
; -5.901 ; id_ex:S_ID_EX|RD_EX_reg[1]      ; ex_mem:S_EX_MEM|regis16:R_ALU_R|R[12] ; clock        ; clock       ; 1.000        ; -0.080     ; 6.819      ;
; -5.883 ; id_ex:S_ID_EX|Src_A_reg[0]      ; ex_mem:S_EX_MEM|regis16:R_ALU_R|R[11] ; clock        ; clock       ; 1.000        ; -0.080     ; 6.801      ;
; -5.860 ; id_ex:S_ID_EX|Src_A_reg[1]      ; ex_mem:S_EX_MEM|regis16:R_ALU_R|R[13] ; clock        ; clock       ; 1.000        ; -0.472     ; 6.386      ;
; -5.857 ; id_ex:S_ID_EX|RT_Data_EX_reg[4] ; ex_mem:S_EX_MEM|regis16:R_ALU_R|R[11] ; clock        ; clock       ; 1.000        ; -0.080     ; 6.775      ;
; -5.850 ; id_ex:S_ID_EX|RT_Data_EX_reg[3] ; ex_mem:S_EX_MEM|regis16:R_ALU_R|R[12] ; clock        ; clock       ; 1.000        ; -0.080     ; 6.768      ;
; -5.772 ; id_ex:S_ID_EX|RT_Data_EX_reg[0] ; ex_mem:S_EX_MEM|regis16:R_ALU_R|R[12] ; clock        ; clock       ; 1.000        ; -0.080     ; 6.690      ;
; -5.732 ; id_ex:S_ID_EX|RT_Data_EX_reg[1] ; ex_mem:S_EX_MEM|regis16:R_ALU_R|R[12] ; clock        ; clock       ; 1.000        ; -0.080     ; 6.650      ;
; -5.698 ; id_ex:S_ID_EX|Src_A_reg[1]      ; ex_mem:S_EX_MEM|regis16:R_ALU_R|R[11] ; clock        ; clock       ; 1.000        ; -0.472     ; 6.224      ;
; -5.664 ; id_ex:S_ID_EX|Src_A_reg[3]      ; ex_mem:S_EX_MEM|regis16:R_ALU_R|R[15] ; clock        ; clock       ; 1.000        ; -0.472     ; 6.190      ;
; -5.541 ; id_ex:S_ID_EX|RT_Data_EX_reg[2] ; ex_mem:S_EX_MEM|regis16:R_ALU_R|R[12] ; clock        ; clock       ; 1.000        ; -0.080     ; 6.459      ;
; -5.530 ; id_ex:S_ID_EX|Src_A_reg[2]      ; ex_mem:S_EX_MEM|regis16:R_ALU_R|R[14] ; clock        ; clock       ; 1.000        ; -0.472     ; 6.056      ;
; -5.482 ; id_ex:S_ID_EX|Src_A_reg[2]      ; ex_mem:S_EX_MEM|regis16:R_ALU_R|R[13] ; clock        ; clock       ; 1.000        ; -0.472     ; 6.008      ;
; -5.446 ; id_ex:S_ID_EX|Src_A_reg[0]      ; ex_mem:S_EX_MEM|regis16:R_ALU_R|R[12] ; clock        ; clock       ; 1.000        ; -0.080     ; 6.364      ;
; -5.420 ; id_ex:S_ID_EX|RT_Data_EX_reg[4] ; ex_mem:S_EX_MEM|regis16:R_ALU_R|R[12] ; clock        ; clock       ; 1.000        ; -0.080     ; 6.338      ;
; -5.415 ; id_ex:S_ID_EX|EX_out_reg[1]     ; ex_mem:S_EX_MEM|regis16:R_ALU_R|R[10] ; clock        ; clock       ; 1.000        ; -0.080     ; 6.333      ;
; -5.377 ; id_ex:S_ID_EX|RT_Data_EX_reg[5] ; ex_mem:S_EX_MEM|regis16:R_ALU_R|R[15] ; clock        ; clock       ; 1.000        ; -0.078     ; 6.297      ;
; -5.313 ; id_ex:S_ID_EX|Src_A_reg[2]      ; ex_mem:S_EX_MEM|regis16:R_ALU_R|R[11] ; clock        ; clock       ; 1.000        ; -0.472     ; 5.839      ;
; -5.288 ; id_ex:S_ID_EX|Src_A_reg[4]      ; ex_mem:S_EX_MEM|regis16:R_ALU_R|R[15] ; clock        ; clock       ; 1.000        ; -0.472     ; 5.814      ;
; -5.265 ; id_ex:S_ID_EX|RD_EX_reg[0]      ; ex_mem:S_EX_MEM|regis16:R_ALU_R|R[10] ; clock        ; clock       ; 1.000        ; -0.080     ; 6.183      ;
; -5.261 ; id_ex:S_ID_EX|Src_A_reg[1]      ; ex_mem:S_EX_MEM|regis16:R_ALU_R|R[12] ; clock        ; clock       ; 1.000        ; -0.472     ; 5.787      ;
; -5.154 ; id_ex:S_ID_EX|Src_A_reg[3]      ; ex_mem:S_EX_MEM|regis16:R_ALU_R|R[14] ; clock        ; clock       ; 1.000        ; -0.472     ; 5.680      ;
; -5.106 ; id_ex:S_ID_EX|Src_A_reg[3]      ; ex_mem:S_EX_MEM|regis16:R_ALU_R|R[13] ; clock        ; clock       ; 1.000        ; -0.472     ; 5.632      ;
; -5.094 ; id_ex:S_ID_EX|RT_EX_reg[0]      ; ex_mem:S_EX_MEM|regis16:R_ALU_R|R[10] ; clock        ; clock       ; 1.000        ; -0.080     ; 6.012      ;
; -5.056 ; id_ex:S_ID_EX|RD_EX_reg[1]      ; ex_mem:S_EX_MEM|regis16:R_ALU_R|R[10] ; clock        ; clock       ; 1.000        ; -0.080     ; 5.974      ;
; -5.055 ; id_ex:S_ID_EX|RT_Data_EX_reg[3] ; ex_mem:S_EX_MEM|regis16:R_ALU_R|R[10] ; clock        ; clock       ; 1.000        ; -0.080     ; 5.973      ;
; -5.051 ; id_ex:S_ID_EX|RT_Data_EX_reg[6] ; ex_mem:S_EX_MEM|regis16:R_ALU_R|R[15] ; clock        ; clock       ; 1.000        ; -0.078     ; 5.971      ;
; -4.977 ; id_ex:S_ID_EX|RT_Data_EX_reg[0] ; ex_mem:S_EX_MEM|regis16:R_ALU_R|R[10] ; clock        ; clock       ; 1.000        ; -0.080     ; 5.895      ;
; -4.974 ; id_ex:S_ID_EX|EX_out_reg[1]     ; ex_mem:S_EX_MEM|regis16:R_ALU_R|R[9]  ; clock        ; clock       ; 1.000        ; -0.080     ; 5.892      ;
; -4.930 ; id_ex:S_ID_EX|Src_A_reg[3]      ; ex_mem:S_EX_MEM|regis16:R_ALU_R|R[11] ; clock        ; clock       ; 1.000        ; -0.472     ; 5.456      ;
; -4.912 ; id_ex:S_ID_EX|Src_A_reg[5]      ; ex_mem:S_EX_MEM|regis16:R_ALU_R|R[15] ; clock        ; clock       ; 1.000        ; -0.472     ; 5.438      ;
; -4.900 ; id_ex:S_ID_EX|RT_Data_EX_reg[1] ; ex_mem:S_EX_MEM|regis16:R_ALU_R|R[10] ; clock        ; clock       ; 1.000        ; -0.080     ; 5.818      ;
; -4.876 ; id_ex:S_ID_EX|Src_A_reg[2]      ; ex_mem:S_EX_MEM|regis16:R_ALU_R|R[12] ; clock        ; clock       ; 1.000        ; -0.472     ; 5.402      ;
; -4.867 ; id_ex:S_ID_EX|RT_Data_EX_reg[5] ; ex_mem:S_EX_MEM|regis16:R_ALU_R|R[14] ; clock        ; clock       ; 1.000        ; -0.078     ; 5.787      ;
; -4.824 ; id_ex:S_ID_EX|RD_EX_reg[0]      ; ex_mem:S_EX_MEM|regis16:R_ALU_R|R[9]  ; clock        ; clock       ; 1.000        ; -0.080     ; 5.742      ;
; -4.819 ; id_ex:S_ID_EX|RT_Data_EX_reg[5] ; ex_mem:S_EX_MEM|regis16:R_ALU_R|R[13] ; clock        ; clock       ; 1.000        ; -0.078     ; 5.739      ;
; -4.800 ; id_ex:S_ID_EX|RT_Data_EX_reg[8] ; ex_mem:S_EX_MEM|regis16:R_ALU_R|R[15] ; clock        ; clock       ; 1.000        ; -0.078     ; 5.720      ;
; -4.778 ; id_ex:S_ID_EX|Src_A_reg[4]      ; ex_mem:S_EX_MEM|regis16:R_ALU_R|R[14] ; clock        ; clock       ; 1.000        ; -0.472     ; 5.304      ;
; -4.743 ; id_ex:S_ID_EX|RT_Data_EX_reg[2] ; ex_mem:S_EX_MEM|regis16:R_ALU_R|R[10] ; clock        ; clock       ; 1.000        ; -0.080     ; 5.661      ;
; -4.730 ; id_ex:S_ID_EX|Src_A_reg[4]      ; ex_mem:S_EX_MEM|regis16:R_ALU_R|R[13] ; clock        ; clock       ; 1.000        ; -0.472     ; 5.256      ;
; -4.653 ; id_ex:S_ID_EX|RT_EX_reg[0]      ; ex_mem:S_EX_MEM|regis16:R_ALU_R|R[9]  ; clock        ; clock       ; 1.000        ; -0.080     ; 5.571      ;
; -4.625 ; id_ex:S_ID_EX|RT_Data_EX_reg[4] ; ex_mem:S_EX_MEM|regis16:R_ALU_R|R[10] ; clock        ; clock       ; 1.000        ; -0.080     ; 5.543      ;
; -4.615 ; id_ex:S_ID_EX|RD_EX_reg[1]      ; ex_mem:S_EX_MEM|regis16:R_ALU_R|R[9]  ; clock        ; clock       ; 1.000        ; -0.080     ; 5.533      ;
; -4.610 ; id_ex:S_ID_EX|RT_Data_EX_reg[5] ; ex_mem:S_EX_MEM|regis16:R_ALU_R|R[11] ; clock        ; clock       ; 1.000        ; -0.078     ; 5.530      ;
; -4.601 ; id_ex:S_ID_EX|Src_A_reg[0]      ; ex_mem:S_EX_MEM|regis16:R_ALU_R|R[10] ; clock        ; clock       ; 1.000        ; -0.080     ; 5.519      ;
; -4.593 ; id_ex:S_ID_EX|RT_Data_EX_reg[3] ; ex_mem:S_EX_MEM|regis16:R_ALU_R|R[9]  ; clock        ; clock       ; 1.000        ; -0.080     ; 5.511      ;
; -4.571 ; id_ex:S_ID_EX|RT_Data_EX_reg[9] ; ex_mem:S_EX_MEM|regis16:R_ALU_R|R[15] ; clock        ; clock       ; 1.000        ; -0.077     ; 5.492      ;
; -4.547 ; id_ex:S_ID_EX|Src_A_reg[4]      ; ex_mem:S_EX_MEM|regis16:R_ALU_R|R[11] ; clock        ; clock       ; 1.000        ; -0.472     ; 5.073      ;
; -4.541 ; id_ex:S_ID_EX|RT_Data_EX_reg[6] ; ex_mem:S_EX_MEM|regis16:R_ALU_R|R[14] ; clock        ; clock       ; 1.000        ; -0.078     ; 5.461      ;
; -4.537 ; id_ex:S_ID_EX|Src_A_reg[6]      ; ex_mem:S_EX_MEM|regis16:R_ALU_R|R[15] ; clock        ; clock       ; 1.000        ; -0.472     ; 5.063      ;
; -4.515 ; id_ex:S_ID_EX|RT_Data_EX_reg[0] ; ex_mem:S_EX_MEM|regis16:R_ALU_R|R[9]  ; clock        ; clock       ; 1.000        ; -0.080     ; 5.433      ;
; -4.493 ; id_ex:S_ID_EX|Src_A_reg[3]      ; ex_mem:S_EX_MEM|regis16:R_ALU_R|R[12] ; clock        ; clock       ; 1.000        ; -0.472     ; 5.019      ;
; -4.493 ; id_ex:S_ID_EX|RT_Data_EX_reg[6] ; ex_mem:S_EX_MEM|regis16:R_ALU_R|R[13] ; clock        ; clock       ; 1.000        ; -0.078     ; 5.413      ;
; -4.476 ; id_ex:S_ID_EX|RT_Data_EX_reg[7] ; ex_mem:S_EX_MEM|regis16:R_ALU_R|R[15] ; clock        ; clock       ; 1.000        ; -0.078     ; 5.396      ;
; -4.446 ; id_ex:S_ID_EX|RT_Data_EX_reg[1] ; ex_mem:S_EX_MEM|regis16:R_ALU_R|R[9]  ; clock        ; clock       ; 1.000        ; -0.080     ; 5.364      ;
; -4.417 ; id_ex:S_ID_EX|Src_A_reg[1]      ; ex_mem:S_EX_MEM|regis16:R_ALU_R|R[10] ; clock        ; clock       ; 1.000        ; -0.472     ; 4.943      ;
; -4.402 ; id_ex:S_ID_EX|Src_A_reg[5]      ; ex_mem:S_EX_MEM|regis16:R_ALU_R|R[14] ; clock        ; clock       ; 1.000        ; -0.472     ; 4.928      ;
+--------+---------------------------------+---------------------------------------+--------------+-------------+--------------+------------+------------+


+----------------------------------------------------------------------------------------------------------------+
; Slow 1200mV 85C Model Setup: 'CLOCK_50'                                                                        ;
+--------+----------------+----------------+--------------+-------------+--------------+------------+------------+
; Slack  ; From Node      ; To Node        ; Launch Clock ; Latch Clock ; Relationship ; Clock Skew ; Data Delay ;
+--------+----------------+----------------+--------------+-------------+--------------+------------+------------+
; -1.658 ; clockticks[4]  ; clockticks[3]  ; CLOCK_50     ; CLOCK_50    ; 1.000        ; -0.082     ; 2.574      ;
; -1.658 ; clockticks[4]  ; clockticks[5]  ; CLOCK_50     ; CLOCK_50    ; 1.000        ; -0.082     ; 2.574      ;
; -1.658 ; clockticks[4]  ; clockticks[6]  ; CLOCK_50     ; CLOCK_50    ; 1.000        ; -0.082     ; 2.574      ;
; -1.658 ; clockticks[4]  ; clockticks[8]  ; CLOCK_50     ; CLOCK_50    ; 1.000        ; -0.082     ; 2.574      ;
; -1.658 ; clockticks[4]  ; clockticks[9]  ; CLOCK_50     ; CLOCK_50    ; 1.000        ; -0.082     ; 2.574      ;
; -1.658 ; clockticks[4]  ; clockticks[12] ; CLOCK_50     ; CLOCK_50    ; 1.000        ; -0.082     ; 2.574      ;
; -1.658 ; clockticks[4]  ; clockticks[7]  ; CLOCK_50     ; CLOCK_50    ; 1.000        ; -0.082     ; 2.574      ;
; -1.658 ; clockticks[4]  ; clockticks[4]  ; CLOCK_50     ; CLOCK_50    ; 1.000        ; -0.082     ; 2.574      ;
; -1.658 ; clockticks[4]  ; clockticks[2]  ; CLOCK_50     ; CLOCK_50    ; 1.000        ; -0.082     ; 2.574      ;
; -1.658 ; clockticks[4]  ; clockticks[0]  ; CLOCK_50     ; CLOCK_50    ; 1.000        ; -0.082     ; 2.574      ;
; -1.658 ; clockticks[4]  ; clockticks[1]  ; CLOCK_50     ; CLOCK_50    ; 1.000        ; -0.082     ; 2.574      ;
; -1.651 ; clockticks[6]  ; clockticks[3]  ; CLOCK_50     ; CLOCK_50    ; 1.000        ; -0.082     ; 2.567      ;
; -1.651 ; clockticks[6]  ; clockticks[5]  ; CLOCK_50     ; CLOCK_50    ; 1.000        ; -0.082     ; 2.567      ;
; -1.651 ; clockticks[6]  ; clockticks[6]  ; CLOCK_50     ; CLOCK_50    ; 1.000        ; -0.082     ; 2.567      ;
; -1.651 ; clockticks[6]  ; clockticks[8]  ; CLOCK_50     ; CLOCK_50    ; 1.000        ; -0.082     ; 2.567      ;
; -1.651 ; clockticks[6]  ; clockticks[9]  ; CLOCK_50     ; CLOCK_50    ; 1.000        ; -0.082     ; 2.567      ;
; -1.651 ; clockticks[6]  ; clockticks[12] ; CLOCK_50     ; CLOCK_50    ; 1.000        ; -0.082     ; 2.567      ;
; -1.651 ; clockticks[6]  ; clockticks[7]  ; CLOCK_50     ; CLOCK_50    ; 1.000        ; -0.082     ; 2.567      ;
; -1.651 ; clockticks[6]  ; clockticks[4]  ; CLOCK_50     ; CLOCK_50    ; 1.000        ; -0.082     ; 2.567      ;
; -1.651 ; clockticks[6]  ; clockticks[2]  ; CLOCK_50     ; CLOCK_50    ; 1.000        ; -0.082     ; 2.567      ;
; -1.651 ; clockticks[6]  ; clockticks[0]  ; CLOCK_50     ; CLOCK_50    ; 1.000        ; -0.082     ; 2.567      ;
; -1.651 ; clockticks[6]  ; clockticks[1]  ; CLOCK_50     ; CLOCK_50    ; 1.000        ; -0.082     ; 2.567      ;
; -1.472 ; clockticks[1]  ; clockticks[12] ; CLOCK_50     ; CLOCK_50    ; 1.000        ; -0.082     ; 2.388      ;
; -1.469 ; clockticks[5]  ; clockticks[3]  ; CLOCK_50     ; CLOCK_50    ; 1.000        ; -0.082     ; 2.385      ;
; -1.469 ; clockticks[5]  ; clockticks[5]  ; CLOCK_50     ; CLOCK_50    ; 1.000        ; -0.082     ; 2.385      ;
; -1.469 ; clockticks[5]  ; clockticks[6]  ; CLOCK_50     ; CLOCK_50    ; 1.000        ; -0.082     ; 2.385      ;
; -1.469 ; clockticks[5]  ; clockticks[8]  ; CLOCK_50     ; CLOCK_50    ; 1.000        ; -0.082     ; 2.385      ;
; -1.469 ; clockticks[5]  ; clockticks[9]  ; CLOCK_50     ; CLOCK_50    ; 1.000        ; -0.082     ; 2.385      ;
; -1.469 ; clockticks[5]  ; clockticks[12] ; CLOCK_50     ; CLOCK_50    ; 1.000        ; -0.082     ; 2.385      ;
; -1.469 ; clockticks[5]  ; clockticks[7]  ; CLOCK_50     ; CLOCK_50    ; 1.000        ; -0.082     ; 2.385      ;
; -1.469 ; clockticks[5]  ; clockticks[4]  ; CLOCK_50     ; CLOCK_50    ; 1.000        ; -0.082     ; 2.385      ;
; -1.469 ; clockticks[5]  ; clockticks[2]  ; CLOCK_50     ; CLOCK_50    ; 1.000        ; -0.082     ; 2.385      ;
; -1.469 ; clockticks[5]  ; clockticks[0]  ; CLOCK_50     ; CLOCK_50    ; 1.000        ; -0.082     ; 2.385      ;
; -1.469 ; clockticks[5]  ; clockticks[1]  ; CLOCK_50     ; CLOCK_50    ; 1.000        ; -0.082     ; 2.385      ;
; -1.385 ; clockticks[0]  ; clockticks[12] ; CLOCK_50     ; CLOCK_50    ; 1.000        ; -0.082     ; 2.301      ;
; -1.376 ; clockticks[3]  ; clockticks[12] ; CLOCK_50     ; CLOCK_50    ; 1.000        ; -0.082     ; 2.292      ;
; -1.351 ; clockticks[3]  ; clockticks[3]  ; CLOCK_50     ; CLOCK_50    ; 1.000        ; -0.082     ; 2.267      ;
; -1.351 ; clockticks[3]  ; clockticks[5]  ; CLOCK_50     ; CLOCK_50    ; 1.000        ; -0.082     ; 2.267      ;
; -1.351 ; clockticks[3]  ; clockticks[6]  ; CLOCK_50     ; CLOCK_50    ; 1.000        ; -0.082     ; 2.267      ;
; -1.351 ; clockticks[3]  ; clockticks[8]  ; CLOCK_50     ; CLOCK_50    ; 1.000        ; -0.082     ; 2.267      ;
; -1.351 ; clockticks[3]  ; clockticks[9]  ; CLOCK_50     ; CLOCK_50    ; 1.000        ; -0.082     ; 2.267      ;
; -1.351 ; clockticks[3]  ; clockticks[7]  ; CLOCK_50     ; CLOCK_50    ; 1.000        ; -0.082     ; 2.267      ;
; -1.351 ; clockticks[3]  ; clockticks[4]  ; CLOCK_50     ; CLOCK_50    ; 1.000        ; -0.082     ; 2.267      ;
; -1.351 ; clockticks[3]  ; clockticks[2]  ; CLOCK_50     ; CLOCK_50    ; 1.000        ; -0.082     ; 2.267      ;
; -1.351 ; clockticks[3]  ; clockticks[0]  ; CLOCK_50     ; CLOCK_50    ; 1.000        ; -0.082     ; 2.267      ;
; -1.351 ; clockticks[3]  ; clockticks[1]  ; CLOCK_50     ; CLOCK_50    ; 1.000        ; -0.082     ; 2.267      ;
; -1.325 ; clockticks[10] ; clockticks[3]  ; CLOCK_50     ; CLOCK_50    ; 1.000        ; -0.513     ; 1.810      ;
; -1.325 ; clockticks[10] ; clockticks[5]  ; CLOCK_50     ; CLOCK_50    ; 1.000        ; -0.513     ; 1.810      ;
; -1.325 ; clockticks[10] ; clockticks[6]  ; CLOCK_50     ; CLOCK_50    ; 1.000        ; -0.513     ; 1.810      ;
; -1.325 ; clockticks[10] ; clockticks[8]  ; CLOCK_50     ; CLOCK_50    ; 1.000        ; -0.513     ; 1.810      ;
; -1.325 ; clockticks[10] ; clockticks[9]  ; CLOCK_50     ; CLOCK_50    ; 1.000        ; -0.513     ; 1.810      ;
; -1.325 ; clockticks[10] ; clockticks[12] ; CLOCK_50     ; CLOCK_50    ; 1.000        ; -0.513     ; 1.810      ;
; -1.325 ; clockticks[10] ; clockticks[7]  ; CLOCK_50     ; CLOCK_50    ; 1.000        ; -0.513     ; 1.810      ;
; -1.325 ; clockticks[10] ; clockticks[4]  ; CLOCK_50     ; CLOCK_50    ; 1.000        ; -0.513     ; 1.810      ;
; -1.325 ; clockticks[10] ; clockticks[2]  ; CLOCK_50     ; CLOCK_50    ; 1.000        ; -0.513     ; 1.810      ;
; -1.325 ; clockticks[10] ; clockticks[0]  ; CLOCK_50     ; CLOCK_50    ; 1.000        ; -0.513     ; 1.810      ;
; -1.325 ; clockticks[10] ; clockticks[1]  ; CLOCK_50     ; CLOCK_50    ; 1.000        ; -0.513     ; 1.810      ;
; -1.314 ; clockticks[10] ; clock          ; CLOCK_50     ; CLOCK_50    ; 1.000        ; -0.512     ; 1.800      ;
; -1.310 ; clockticks[7]  ; clockticks[3]  ; CLOCK_50     ; CLOCK_50    ; 1.000        ; -0.082     ; 2.226      ;
; -1.310 ; clockticks[7]  ; clockticks[5]  ; CLOCK_50     ; CLOCK_50    ; 1.000        ; -0.082     ; 2.226      ;
; -1.310 ; clockticks[7]  ; clockticks[6]  ; CLOCK_50     ; CLOCK_50    ; 1.000        ; -0.082     ; 2.226      ;
; -1.310 ; clockticks[7]  ; clockticks[8]  ; CLOCK_50     ; CLOCK_50    ; 1.000        ; -0.082     ; 2.226      ;
; -1.310 ; clockticks[7]  ; clockticks[9]  ; CLOCK_50     ; CLOCK_50    ; 1.000        ; -0.082     ; 2.226      ;
; -1.310 ; clockticks[7]  ; clockticks[12] ; CLOCK_50     ; CLOCK_50    ; 1.000        ; -0.082     ; 2.226      ;
; -1.310 ; clockticks[7]  ; clockticks[7]  ; CLOCK_50     ; CLOCK_50    ; 1.000        ; -0.082     ; 2.226      ;
; -1.310 ; clockticks[7]  ; clockticks[4]  ; CLOCK_50     ; CLOCK_50    ; 1.000        ; -0.082     ; 2.226      ;
; -1.310 ; clockticks[7]  ; clockticks[2]  ; CLOCK_50     ; CLOCK_50    ; 1.000        ; -0.082     ; 2.226      ;
; -1.310 ; clockticks[7]  ; clockticks[0]  ; CLOCK_50     ; CLOCK_50    ; 1.000        ; -0.082     ; 2.226      ;
; -1.310 ; clockticks[7]  ; clockticks[1]  ; CLOCK_50     ; CLOCK_50    ; 1.000        ; -0.082     ; 2.226      ;
; -1.307 ; clockticks[9]  ; clockticks[3]  ; CLOCK_50     ; CLOCK_50    ; 1.000        ; -0.082     ; 2.223      ;
; -1.307 ; clockticks[9]  ; clockticks[5]  ; CLOCK_50     ; CLOCK_50    ; 1.000        ; -0.082     ; 2.223      ;
; -1.307 ; clockticks[9]  ; clockticks[6]  ; CLOCK_50     ; CLOCK_50    ; 1.000        ; -0.082     ; 2.223      ;
; -1.307 ; clockticks[9]  ; clockticks[8]  ; CLOCK_50     ; CLOCK_50    ; 1.000        ; -0.082     ; 2.223      ;
; -1.307 ; clockticks[9]  ; clockticks[9]  ; CLOCK_50     ; CLOCK_50    ; 1.000        ; -0.082     ; 2.223      ;
; -1.307 ; clockticks[9]  ; clockticks[12] ; CLOCK_50     ; CLOCK_50    ; 1.000        ; -0.082     ; 2.223      ;
; -1.307 ; clockticks[9]  ; clockticks[7]  ; CLOCK_50     ; CLOCK_50    ; 1.000        ; -0.082     ; 2.223      ;
; -1.307 ; clockticks[9]  ; clockticks[4]  ; CLOCK_50     ; CLOCK_50    ; 1.000        ; -0.082     ; 2.223      ;
; -1.307 ; clockticks[9]  ; clockticks[2]  ; CLOCK_50     ; CLOCK_50    ; 1.000        ; -0.082     ; 2.223      ;
; -1.307 ; clockticks[9]  ; clockticks[0]  ; CLOCK_50     ; CLOCK_50    ; 1.000        ; -0.082     ; 2.223      ;
; -1.307 ; clockticks[9]  ; clockticks[1]  ; CLOCK_50     ; CLOCK_50    ; 1.000        ; -0.082     ; 2.223      ;
; -1.305 ; clockticks[4]  ; clock          ; CLOCK_50     ; CLOCK_50    ; 1.000        ; -0.081     ; 2.222      ;
; -1.280 ; clockticks[11] ; clockticks[12] ; CLOCK_50     ; CLOCK_50    ; 1.000        ; -0.513     ; 1.765      ;
; -1.277 ; clockticks[2]  ; clockticks[12] ; CLOCK_50     ; CLOCK_50    ; 1.000        ; -0.082     ; 2.193      ;
; -1.250 ; clockticks[8]  ; clockticks[3]  ; CLOCK_50     ; CLOCK_50    ; 1.000        ; -0.082     ; 2.166      ;
; -1.250 ; clockticks[8]  ; clockticks[5]  ; CLOCK_50     ; CLOCK_50    ; 1.000        ; -0.082     ; 2.166      ;
; -1.250 ; clockticks[8]  ; clockticks[6]  ; CLOCK_50     ; CLOCK_50    ; 1.000        ; -0.082     ; 2.166      ;
; -1.250 ; clockticks[8]  ; clockticks[8]  ; CLOCK_50     ; CLOCK_50    ; 1.000        ; -0.082     ; 2.166      ;
; -1.250 ; clockticks[8]  ; clockticks[9]  ; CLOCK_50     ; CLOCK_50    ; 1.000        ; -0.082     ; 2.166      ;
; -1.250 ; clockticks[8]  ; clockticks[12] ; CLOCK_50     ; CLOCK_50    ; 1.000        ; -0.082     ; 2.166      ;
; -1.250 ; clockticks[8]  ; clockticks[7]  ; CLOCK_50     ; CLOCK_50    ; 1.000        ; -0.082     ; 2.166      ;
; -1.250 ; clockticks[8]  ; clockticks[4]  ; CLOCK_50     ; CLOCK_50    ; 1.000        ; -0.082     ; 2.166      ;
; -1.250 ; clockticks[8]  ; clockticks[2]  ; CLOCK_50     ; CLOCK_50    ; 1.000        ; -0.082     ; 2.166      ;
; -1.250 ; clockticks[8]  ; clockticks[0]  ; CLOCK_50     ; CLOCK_50    ; 1.000        ; -0.082     ; 2.166      ;
; -1.250 ; clockticks[8]  ; clockticks[1]  ; CLOCK_50     ; CLOCK_50    ; 1.000        ; -0.082     ; 2.166      ;
; -1.244 ; clockticks[4]  ; clockticks[11] ; CLOCK_50     ; CLOCK_50    ; 1.000        ; 0.332      ; 2.574      ;
; -1.244 ; clockticks[4]  ; clockticks[10] ; CLOCK_50     ; CLOCK_50    ; 1.000        ; 0.332      ; 2.574      ;
; -1.237 ; clockticks[6]  ; clockticks[11] ; CLOCK_50     ; CLOCK_50    ; 1.000        ; 0.332      ; 2.567      ;
; -1.237 ; clockticks[6]  ; clockticks[10] ; CLOCK_50     ; CLOCK_50    ; 1.000        ; 0.332      ; 2.567      ;
; -1.223 ; clockticks[0]  ; clockticks[9]  ; CLOCK_50     ; CLOCK_50    ; 1.000        ; -0.082     ; 2.139      ;
; -1.213 ; clockticks[11] ; clockticks[3]  ; CLOCK_50     ; CLOCK_50    ; 1.000        ; -0.513     ; 1.698      ;
+--------+----------------+----------------+--------------+-------------+--------------+------------+------------+


+---------------------------------------------------------------------------------------------------------------------------------------------------------------+
; Slow 1200mV 85C Model Hold: 'clock'                                                                                                                           ;
+-------+---------------------------------------+-----------------------------------------+--------------+-------------+--------------+------------+------------+
; Slack ; From Node                             ; To Node                                 ; Launch Clock ; Latch Clock ; Relationship ; Clock Skew ; Data Delay ;
+-------+---------------------------------------+-----------------------------------------+--------------+-------------+--------------+------------+------------+
; 0.404 ; phase_cnt[3]                          ; phase_cnt[3]                            ; clock        ; clock       ; 0.000        ; 0.079      ; 0.669      ;
; 0.404 ; phase_cnt[2]                          ; phase_cnt[2]                            ; clock        ; clock       ; 0.000        ; 0.079      ; 0.669      ;
; 0.404 ; phase_cnt[1]                          ; phase_cnt[1]                            ; clock        ; clock       ; 0.000        ; 0.079      ; 0.669      ;
; 0.409 ; phase_cnt[0]                          ; phase_cnt[0]                            ; clock        ; clock       ; 0.000        ; 0.079      ; 0.674      ;
; 0.430 ; mem_wb:S_MEM_WB|regis16:R_ALU_R|R[12] ; mem_wb:S_MEM_WB|ALU_R_WB_reg[12]        ; clock        ; clock       ; 0.000        ; 0.079      ; 0.695      ;
; 0.430 ; mem_wb:S_MEM_WB|regis16:R_ALU_R|R[9]  ; mem_wb:S_MEM_WB|ALU_R_WB_reg[9]         ; clock        ; clock       ; 0.000        ; 0.079      ; 0.695      ;
; 0.431 ; ex_mem:S_EX_MEM|ALU_R_MEM_reg[14]     ; mem_wb:S_MEM_WB|regis16:R_ALU_R|R[14]   ; clock        ; clock       ; 0.000        ; 0.079      ; 0.696      ;
; 0.431 ; mem_wb:S_MEM_WB|regis16:R_ALU_R|R[10] ; mem_wb:S_MEM_WB|ALU_R_WB_reg[10]        ; clock        ; clock       ; 0.000        ; 0.079      ; 0.696      ;
; 0.431 ; ex_mem:S_EX_MEM|ALU_R_MEM_reg[8]      ; mem_wb:S_MEM_WB|regis16:R_ALU_R|R[8]    ; clock        ; clock       ; 0.000        ; 0.078      ; 0.695      ;
; 0.431 ; data_memory:Data_Mem|read_reg[0]      ; mem_wb:S_MEM_WB|regis16:R_ReadData|R[0] ; clock        ; clock       ; 0.000        ; 0.079      ; 0.696      ;
; 0.431 ; data_memory:Data_Mem|read_reg[1]      ; mem_wb:S_MEM_WB|regis16:R_ReadData|R[1] ; clock        ; clock       ; 0.000        ; 0.079      ; 0.696      ;
; 0.431 ; mem_wb:S_MEM_WB|regis16:R_ALU_R|R[1]  ; mem_wb:S_MEM_WB|ALU_R_WB_reg[1]         ; clock        ; clock       ; 0.000        ; 0.079      ; 0.696      ;
; 0.431 ; pc:PC_IF|regis16:R_PC_in|R[10]        ; pc:PC_IF|PC_out_reg[10]                 ; clock        ; clock       ; 0.000        ; 0.078      ; 0.695      ;
; 0.431 ; pc:PC_IF|regis16:R_PC_in|R[5]         ; pc:PC_IF|PC_out_reg[5]                  ; clock        ; clock       ; 0.000        ; 0.078      ; 0.695      ;
; 0.431 ; pc:PC_IF|regis16:R_PC_in|R[3]         ; pc:PC_IF|PC_out_reg[3]                  ; clock        ; clock       ; 0.000        ; 0.079      ; 0.696      ;
; 0.432 ; ex_mem:S_EX_MEM|ALU_R_MEM_reg[15]     ; mem_wb:S_MEM_WB|regis16:R_ALU_R|R[15]   ; clock        ; clock       ; 0.000        ; 0.079      ; 0.697      ;
; 0.432 ; id_ex:S_ID_EX|regis16:R_RT|R[10]      ; id_ex:S_ID_EX|RT_Data_EX_reg[10]        ; clock        ; clock       ; 0.000        ; 0.078      ; 0.696      ;
; 0.432 ; ex_mem:S_EX_MEM|ALU_R_MEM_reg[7]      ; mem_wb:S_MEM_WB|regis16:R_ALU_R|R[7]    ; clock        ; clock       ; 0.000        ; 0.078      ; 0.696      ;
; 0.432 ; ex_mem:S_EX_MEM|ALU_R_MEM_reg[6]      ; mem_wb:S_MEM_WB|regis16:R_ALU_R|R[6]    ; clock        ; clock       ; 0.000        ; 0.078      ; 0.696      ;
; 0.432 ; ex_mem:S_EX_MEM|ALU_R_MEM_reg[5]      ; mem_wb:S_MEM_WB|regis16:R_ALU_R|R[5]    ; clock        ; clock       ; 0.000        ; 0.078      ; 0.696      ;
; 0.432 ; data_memory:Data_Mem|read_reg[4]      ; mem_wb:S_MEM_WB|regis16:R_ReadData|R[4] ; clock        ; clock       ; 0.000        ; 0.079      ; 0.697      ;
; 0.432 ; id_ex:S_ID_EX|WB_out_reg[1]           ; ex_mem:S_EX_MEM|regis4:R_WB_in|R[1]     ; clock        ; clock       ; 0.000        ; 0.078      ; 0.696      ;
; 0.432 ; id_ex:S_ID_EX|regis4:R_WB_in|R[1]     ; id_ex:S_ID_EX|WB_out_reg[1]             ; clock        ; clock       ; 0.000        ; 0.078      ; 0.696      ;
; 0.432 ; if_id:S_IF_ID|regis16:R_Inst_IF|R[1]  ; if_id:S_IF_ID|Inst_ID_reg[1]            ; clock        ; clock       ; 0.000        ; 0.079      ; 0.697      ;
; 0.432 ; id_ex:S_ID_EX|regis4:R_EX_in|R[0]     ; id_ex:S_ID_EX|EX_out_reg[0]             ; clock        ; clock       ; 0.000        ; 0.078      ; 0.696      ;
; 0.432 ; pc:PC_IF|regis16:R_PC_in|R[2]         ; pc:PC_IF|PC_out_reg[2]                  ; clock        ; clock       ; 0.000        ; 0.079      ; 0.697      ;
; 0.433 ; mem_wb:S_MEM_WB|regis16:R_ALU_R|R[8]  ; mem_wb:S_MEM_WB|ALU_R_WB_reg[8]         ; clock        ; clock       ; 0.000        ; 0.078      ; 0.697      ;
; 0.433 ; ex_mem:S_EX_MEM|WB_out_reg[1]         ; mem_wb:S_MEM_WB|regis4:R_WB_in|R[1]     ; clock        ; clock       ; 0.000        ; 0.078      ; 0.697      ;
; 0.433 ; ex_mem:S_EX_MEM|regis4:R_WB_in|R[1]   ; ex_mem:S_EX_MEM|WB_out_reg[1]           ; clock        ; clock       ; 0.000        ; 0.078      ; 0.697      ;
; 0.433 ; data_memory:Data_Mem|read_reg[2]      ; mem_wb:S_MEM_WB|regis16:R_ReadData|R[2] ; clock        ; clock       ; 0.000        ; 0.079      ; 0.698      ;
; 0.433 ; pc:PC_IF|regis16:R_PC_in|R[12]        ; pc:PC_IF|PC_out_reg[12]                 ; clock        ; clock       ; 0.000        ; 0.078      ; 0.697      ;
; 0.434 ; mem_wb:S_MEM_WB|regis16:R_ALU_R|R[13] ; mem_wb:S_MEM_WB|ALU_R_WB_reg[13]        ; clock        ; clock       ; 0.000        ; 0.079      ; 0.699      ;
; 0.436 ; phase_cnt[0]                          ; phase_cnt[2]                            ; clock        ; clock       ; 0.000        ; 0.079      ; 0.701      ;
; 0.437 ; pc:PC_IF|PC_out_reg[14]               ; pc:PC_IF|regis16:R_PC_in|R[15]          ; clock        ; clock       ; 0.000        ; 0.079      ; 0.702      ;
; 0.437 ; phase_cnt[0]                          ; phase_cnt[3]                            ; clock        ; clock       ; 0.000        ; 0.079      ; 0.702      ;
; 0.437 ; phase_cnt[0]                          ; phase_cnt[1]                            ; clock        ; clock       ; 0.000        ; 0.079      ; 0.702      ;
; 0.458 ; ex_mem:S_EX_MEM|ALU_R_MEM_reg[0]      ; mem_wb:S_MEM_WB|regis16:R_ALU_R|R[0]    ; clock        ; clock       ; 0.000        ; 0.079      ; 0.723      ;
; 0.458 ; pc:PC_IF|PC_out_reg[12]               ; pc:PC_IF|regis16:R_PC_in|R[13]          ; clock        ; clock       ; 0.000        ; 0.078      ; 0.722      ;
; 0.460 ; ex_mem:S_EX_MEM|ALU_R_MEM_reg[1]      ; mem_wb:S_MEM_WB|regis16:R_ALU_R|R[1]    ; clock        ; clock       ; 0.000        ; 0.079      ; 0.725      ;
; 0.461 ; pc:PC_IF|PC_out_reg[12]               ; pc:PC_IF|regis16:R_PC_in|R[12]          ; clock        ; clock       ; 0.000        ; 0.078      ; 0.725      ;
; 0.587 ; ex_mem:S_EX_MEM|regis16:R_ALU_R|R[4]  ; ex_mem:S_EX_MEM|ALU_R_MEM_reg[4]        ; clock        ; clock       ; 0.000        ; 0.080      ; 0.853      ;
; 0.589 ; pc:PC_IF|PC_out_reg[3]                ; pc:PC_IF|regis16:R_PC_in|R[3]           ; clock        ; clock       ; 0.000        ; 0.079      ; 0.854      ;
; 0.591 ; pc:PC_IF|PC_out_reg[5]                ; pc:PC_IF|regis16:R_PC_in|R[5]           ; clock        ; clock       ; 0.000        ; 0.078      ; 0.855      ;
; 0.593 ; pc:PC_IF|PC_out_reg[3]                ; pc:PC_IF|regis16:R_PC_in|R[4]           ; clock        ; clock       ; 0.000        ; 0.079      ; 0.858      ;
; 0.593 ; pc:PC_IF|PC_out_reg[1]                ; pc:PC_IF|regis16:R_PC_in|R[2]           ; clock        ; clock       ; 0.000        ; 0.079      ; 0.858      ;
; 0.594 ; pc:PC_IF|PC_out_reg[5]                ; pc:PC_IF|regis16:R_PC_in|R[6]           ; clock        ; clock       ; 0.000        ; 0.078      ; 0.858      ;
; 0.595 ; if_id:S_IF_ID|Inst_ID_reg[13]         ; id_ex:S_ID_EX|regis4:R_EX_in|R[1]       ; clock        ; clock       ; 0.000        ; 0.079      ; 0.860      ;
; 0.596 ; mem_wb:S_MEM_WB|regis4:R_RW|R[1]      ; mem_wb:S_MEM_WB|RW_WB_reg[1]            ; clock        ; clock       ; 0.000        ; 0.080      ; 0.862      ;
; 0.596 ; pc:PC_IF|PC_out_reg[5]                ; pc:PC_IF|regis16:R_PC_in|R[7]           ; clock        ; clock       ; 0.000        ; 0.078      ; 0.860      ;
; 0.596 ; pc:PC_IF|regis16:R_PC_in|R[1]         ; pc:PC_IF|PC_out_reg[1]                  ; clock        ; clock       ; 0.000        ; 0.079      ; 0.861      ;
; 0.597 ; ex_mem:S_EX_MEM|regis16:R_ALU_R|R[8]  ; ex_mem:S_EX_MEM|ALU_R_MEM_reg[8]        ; clock        ; clock       ; 0.000        ; 0.077      ; 0.860      ;
; 0.599 ; pc:PC_IF|PC_out_reg[1]                ; pc:PC_IF|regis16:R_PC_in|R[1]           ; clock        ; clock       ; 0.000        ; 0.079      ; 0.864      ;
; 0.601 ; ex_mem:S_EX_MEM|ALU_R_MEM_reg[13]     ; mem_wb:S_MEM_WB|regis16:R_ALU_R|R[13]   ; clock        ; clock       ; 0.000        ; 0.078      ; 0.865      ;
; 0.601 ; id_ex:S_ID_EX|regis16:R_RT|R[12]      ; id_ex:S_ID_EX|RT_Data_EX_reg[12]        ; clock        ; clock       ; 0.000        ; 0.079      ; 0.866      ;
; 0.601 ; id_ex:S_ID_EX|regis16:R_RT|R[9]       ; id_ex:S_ID_EX|RT_Data_EX_reg[9]         ; clock        ; clock       ; 0.000        ; 0.079      ; 0.866      ;
; 0.601 ; ex_mem:S_EX_MEM|regis4:R_RW|R[2]      ; ex_mem:S_EX_MEM|RW_MEM_reg[2]           ; clock        ; clock       ; 0.000        ; 0.079      ; 0.866      ;
; 0.601 ; pc:PC_IF|regis16:R_PC_in|R[15]        ; pc:PC_IF|PC_out_reg[15]                 ; clock        ; clock       ; 0.000        ; 0.079      ; 0.866      ;
; 0.601 ; pc:PC_IF|regis16:R_PC_in|R[14]        ; pc:PC_IF|PC_out_reg[14]                 ; clock        ; clock       ; 0.000        ; 0.079      ; 0.866      ;
; 0.602 ; mem_wb:S_MEM_WB|regis16:R_ALU_R|R[11] ; mem_wb:S_MEM_WB|ALU_R_WB_reg[11]        ; clock        ; clock       ; 0.000        ; 0.079      ; 0.867      ;
; 0.602 ; ex_mem:S_EX_MEM|regis16:R_ALU_R|R[11] ; ex_mem:S_EX_MEM|ALU_R_MEM_reg[11]       ; clock        ; clock       ; 0.000        ; 0.077      ; 0.865      ;
; 0.602 ; ex_mem:S_EX_MEM|regis16:R_ALU_R|R[10] ; ex_mem:S_EX_MEM|ALU_R_MEM_reg[10]       ; clock        ; clock       ; 0.000        ; 0.077      ; 0.865      ;
; 0.602 ; ex_mem:S_EX_MEM|regis16:R_ALU_R|R[9]  ; ex_mem:S_EX_MEM|ALU_R_MEM_reg[9]        ; clock        ; clock       ; 0.000        ; 0.077      ; 0.865      ;
; 0.602 ; id_ex:S_ID_EX|regis16:R_RT|R[5]       ; id_ex:S_ID_EX|RT_Data_EX_reg[5]         ; clock        ; clock       ; 0.000        ; 0.078      ; 0.866      ;
; 0.602 ; data_memory:Data_Mem|read_reg[3]      ; mem_wb:S_MEM_WB|regis16:R_ReadData|R[3] ; clock        ; clock       ; 0.000        ; 0.079      ; 0.867      ;
; 0.602 ; ex_mem:S_EX_MEM|regis4:R_M_in|R[1]    ; ex_mem:S_EX_MEM|M_out_reg[1]            ; clock        ; clock       ; 0.000        ; 0.079      ; 0.867      ;
; 0.602 ; pc:PC_IF|regis16:R_PC_in|R[9]         ; pc:PC_IF|PC_out_reg[9]                  ; clock        ; clock       ; 0.000        ; 0.078      ; 0.866      ;
; 0.603 ; id_ex:S_ID_EX|regis16:R_RT|R[13]      ; id_ex:S_ID_EX|RT_Data_EX_reg[13]        ; clock        ; clock       ; 0.000        ; 0.078      ; 0.867      ;
; 0.603 ; id_ex:S_ID_EX|regis16:R_RT|R[8]       ; id_ex:S_ID_EX|RT_Data_EX_reg[8]         ; clock        ; clock       ; 0.000        ; 0.078      ; 0.867      ;
; 0.603 ; id_ex:S_ID_EX|regis16:R_RT|R[6]       ; id_ex:S_ID_EX|RT_Data_EX_reg[6]         ; clock        ; clock       ; 0.000        ; 0.078      ; 0.867      ;
; 0.603 ; mem_wb:S_MEM_WB|regis16:R_ALU_R|R[0]  ; mem_wb:S_MEM_WB|ALU_R_WB_reg[0]         ; clock        ; clock       ; 0.000        ; 0.079      ; 0.868      ;
; 0.603 ; pc:PC_IF|regis16:R_PC_in|R[11]        ; pc:PC_IF|PC_out_reg[11]                 ; clock        ; clock       ; 0.000        ; 0.078      ; 0.867      ;
; 0.604 ; id_ex:S_ID_EX|regis16:R_RT|R[14]      ; id_ex:S_ID_EX|RT_Data_EX_reg[14]        ; clock        ; clock       ; 0.000        ; 0.078      ; 0.868      ;
; 0.604 ; ex_mem:S_EX_MEM|regis16:R_ALU_R|R[0]  ; ex_mem:S_EX_MEM|ALU_R_MEM_reg[0]        ; clock        ; clock       ; 0.000        ; 0.079      ; 0.869      ;
; 0.604 ; if_id:S_IF_ID|Inst_ID_reg[13]         ; id_ex:S_ID_EX|regis4:R_EX_in|R[0]       ; clock        ; clock       ; 0.000        ; 0.079      ; 0.869      ;
; 0.605 ; pc:PC_IF|regis16:R_PC_in|R[13]        ; pc:PC_IF|PC_out_reg[13]                 ; clock        ; clock       ; 0.000        ; 0.078      ; 0.869      ;
; 0.606 ; id_ex:S_ID_EX|Src_A_reg[0]            ; ex_mem:S_EX_MEM|regis16:R_ALU_R|R[0]    ; clock        ; clock       ; 0.000        ; 0.080      ; 0.872      ;
; 0.609 ; if_id:S_IF_ID|regis16:R_Inst_IF|R[13] ; if_id:S_IF_ID|Inst_ID_reg[13]           ; clock        ; clock       ; 0.000        ; 0.080      ; 0.875      ;
; 0.612 ; id_ex:S_ID_EX|regis16:R_RT|R[11]      ; id_ex:S_ID_EX|RT_Data_EX_reg[11]        ; clock        ; clock       ; 0.000        ; 0.079      ; 0.877      ;
; 0.612 ; mem_wb:S_MEM_WB|regis4:R_RW|R[0]      ; mem_wb:S_MEM_WB|RW_WB_reg[0]            ; clock        ; clock       ; 0.000        ; 0.080      ; 0.878      ;
; 0.614 ; if_id:S_IF_ID|regis16:R_Inst_IF|R[2]  ; if_id:S_IF_ID|Inst_ID_reg[2]            ; clock        ; clock       ; 0.000        ; 0.080      ; 0.880      ;
; 0.621 ; id_ex:S_ID_EX|regis16:R_RS|R[15]      ; id_ex:S_ID_EX|Src_A_reg[15]             ; clock        ; clock       ; 0.000        ; 0.079      ; 0.886      ;
; 0.621 ; mem_wb:S_MEM_WB|regis16:R_ALU_R|R[3]  ; mem_wb:S_MEM_WB|ALU_R_WB_reg[3]         ; clock        ; clock       ; 0.000        ; 0.078      ; 0.885      ;
; 0.623 ; ex_mem:S_EX_MEM|ALU_R_MEM_reg[9]      ; mem_wb:S_MEM_WB|regis16:R_ALU_R|R[9]    ; clock        ; clock       ; 0.000        ; 0.078      ; 0.887      ;
; 0.623 ; pc:PC_IF|PC_out_reg[3]                ; if_id:S_IF_ID|regis16:R_Inst_IF|R[1]    ; clock        ; clock       ; 0.000        ; 0.079      ; 0.888      ;
; 0.624 ; ex_mem:S_EX_MEM|regis4:R_RW|R[0]      ; ex_mem:S_EX_MEM|RW_MEM_reg[0]           ; clock        ; clock       ; 0.000        ; 0.078      ; 0.888      ;
; 0.626 ; ex_mem:S_EX_MEM|regis16:R_ALU_R|R[5]  ; ex_mem:S_EX_MEM|ALU_R_MEM_reg[5]        ; clock        ; clock       ; 0.000        ; 0.077      ; 0.889      ;
; 0.627 ; ex_mem:S_EX_MEM|regis16:R_ALU_R|R[13] ; ex_mem:S_EX_MEM|ALU_R_MEM_reg[13]       ; clock        ; clock       ; 0.000        ; 0.077      ; 0.890      ;
; 0.635 ; pc:PC_IF|PC_out_reg[3]                ; if_id:S_IF_ID|regis16:R_Inst_IF|R[2]    ; clock        ; clock       ; 0.000        ; 0.079      ; 0.900      ;
; 0.646 ; phase_cnt[1]                          ; phase_cnt[2]                            ; clock        ; clock       ; 0.000        ; 0.079      ; 0.911      ;
; 0.647 ; phase_cnt[1]                          ; phase_cnt[3]                            ; clock        ; clock       ; 0.000        ; 0.079      ; 0.912      ;
; 0.657 ; phase_cnt[2]                          ; phase_cnt[3]                            ; clock        ; clock       ; 0.000        ; 0.079      ; 0.922      ;
; 0.663 ; pc:PC_IF|PC_out_reg[13]               ; pc:PC_IF|regis16:R_PC_in|R[13]          ; clock        ; clock       ; 0.000        ; 0.078      ; 0.927      ;
; 0.668 ; pc:PC_IF|PC_out_reg[10]               ; pc:PC_IF|regis16:R_PC_in|R[10]          ; clock        ; clock       ; 0.000        ; 0.078      ; 0.932      ;
; 0.682 ; pc:PC_IF|PC_out_reg[14]               ; pc:PC_IF|regis16:R_PC_in|R[14]          ; clock        ; clock       ; 0.000        ; 0.079      ; 0.947      ;
; 0.692 ; pc:PC_IF|PC_out_reg[2]                ; pc:PC_IF|regis16:R_PC_in|R[3]           ; clock        ; clock       ; 0.000        ; 0.079      ; 0.957      ;
; 0.694 ; pc:PC_IF|PC_out_reg[2]                ; pc:PC_IF|regis16:R_PC_in|R[2]           ; clock        ; clock       ; 0.000        ; 0.079      ; 0.959      ;
; 0.695 ; pc:PC_IF|PC_out_reg[1]                ; pc:PC_IF|regis16:R_PC_in|R[3]           ; clock        ; clock       ; 0.000        ; 0.079      ; 0.960      ;
; 0.704 ; id_ex:S_ID_EX|regis16:R_RS|R[4]       ; id_ex:S_ID_EX|Src_A_reg[4]              ; clock        ; clock       ; 0.000        ; 0.450      ; 1.340      ;
; 0.710 ; pc:PC_IF|PC_out_reg[2]                ; if_id:S_IF_ID|regis16:R_Inst_IF|R[2]    ; clock        ; clock       ; 0.000        ; 0.079      ; 0.975      ;
; 0.724 ; id_ex:S_ID_EX|regis16:R_RS|R[10]      ; id_ex:S_ID_EX|Src_A_reg[10]             ; clock        ; clock       ; 0.000        ; 0.450      ; 1.360      ;
+-------+---------------------------------------+-----------------------------------------+--------------+-------------+--------------+------------+------------+


+---------------------------------------------------------------------------------------------------------------+
; Slow 1200mV 85C Model Hold: 'CLOCK_50'                                                                        ;
+-------+----------------+----------------+--------------+-------------+--------------+------------+------------+
; Slack ; From Node      ; To Node        ; Launch Clock ; Latch Clock ; Relationship ; Clock Skew ; Data Delay ;
+-------+----------------+----------------+--------------+-------------+--------------+------------+------------+
; 0.440 ; clockticks[12] ; clockticks[12] ; CLOCK_50     ; CLOCK_50    ; 0.000        ; 0.082      ; 0.708      ;
; 0.549 ; clockticks[9]  ; clockticks[10] ; CLOCK_50     ; CLOCK_50    ; 0.000        ; 0.513      ; 1.248      ;
; 0.561 ; clockticks[8]  ; clockticks[10] ; CLOCK_50     ; CLOCK_50    ; 0.000        ; 0.513      ; 1.260      ;
; 0.632 ; clockticks[1]  ; clockticks[1]  ; CLOCK_50     ; CLOCK_50    ; 0.000        ; 0.082      ; 0.900      ;
; 0.646 ; clockticks[11] ; clockticks[11] ; CLOCK_50     ; CLOCK_50    ; 0.000        ; 0.099      ; 0.931      ;
; 0.652 ; clockticks[10] ; clockticks[10] ; CLOCK_50     ; CLOCK_50    ; 0.000        ; 0.099      ; 0.937      ;
; 0.660 ; clockticks[8]  ; clockticks[8]  ; CLOCK_50     ; CLOCK_50    ; 0.000        ; 0.082      ; 0.928      ;
; 0.660 ; clockticks[2]  ; clockticks[2]  ; CLOCK_50     ; CLOCK_50    ; 0.000        ; 0.082      ; 0.928      ;
; 0.660 ; clockticks[0]  ; clockticks[0]  ; CLOCK_50     ; CLOCK_50    ; 0.000        ; 0.082      ; 0.928      ;
; 0.662 ; clockticks[9]  ; clockticks[9]  ; CLOCK_50     ; CLOCK_50    ; 0.000        ; 0.082      ; 0.930      ;
; 0.663 ; clockticks[3]  ; clockticks[3]  ; CLOCK_50     ; CLOCK_50    ; 0.000        ; 0.082      ; 0.931      ;
; 0.665 ; clockticks[7]  ; clockticks[7]  ; CLOCK_50     ; CLOCK_50    ; 0.000        ; 0.082      ; 0.933      ;
; 0.665 ; clockticks[4]  ; clockticks[4]  ; CLOCK_50     ; CLOCK_50    ; 0.000        ; 0.082      ; 0.933      ;
; 0.666 ; clockticks[5]  ; clockticks[5]  ; CLOCK_50     ; CLOCK_50    ; 0.000        ; 0.082      ; 0.934      ;
; 0.668 ; clockticks[6]  ; clockticks[6]  ; CLOCK_50     ; CLOCK_50    ; 0.000        ; 0.082      ; 0.936      ;
; 0.670 ; clockticks[9]  ; clockticks[11] ; CLOCK_50     ; CLOCK_50    ; 0.000        ; 0.513      ; 1.369      ;
; 0.677 ; clockticks[7]  ; clockticks[10] ; CLOCK_50     ; CLOCK_50    ; 0.000        ; 0.513      ; 1.376      ;
; 0.682 ; clockticks[8]  ; clockticks[11] ; CLOCK_50     ; CLOCK_50    ; 0.000        ; 0.513      ; 1.381      ;
; 0.695 ; clockticks[6]  ; clockticks[10] ; CLOCK_50     ; CLOCK_50    ; 0.000        ; 0.513      ; 1.394      ;
; 0.798 ; clockticks[7]  ; clockticks[11] ; CLOCK_50     ; CLOCK_50    ; 0.000        ; 0.513      ; 1.497      ;
; 0.804 ; clockticks[5]  ; clockticks[10] ; CLOCK_50     ; CLOCK_50    ; 0.000        ; 0.513      ; 1.503      ;
; 0.816 ; clockticks[6]  ; clockticks[11] ; CLOCK_50     ; CLOCK_50    ; 0.000        ; 0.513      ; 1.515      ;
; 0.818 ; clockticks[4]  ; clockticks[10] ; CLOCK_50     ; CLOCK_50    ; 0.000        ; 0.513      ; 1.517      ;
; 0.833 ; clockticks[12] ; clock          ; CLOCK_50     ; CLOCK_50    ; 0.000        ; 0.083      ; 1.102      ;
; 0.925 ; clockticks[5]  ; clockticks[11] ; CLOCK_50     ; CLOCK_50    ; 0.000        ; 0.513      ; 1.624      ;
; 0.928 ; clockticks[3]  ; clockticks[10] ; CLOCK_50     ; CLOCK_50    ; 0.000        ; 0.513      ; 1.627      ;
; 0.939 ; clockticks[4]  ; clockticks[11] ; CLOCK_50     ; CLOCK_50    ; 0.000        ; 0.513      ; 1.638      ;
; 0.939 ; clockticks[2]  ; clockticks[10] ; CLOCK_50     ; CLOCK_50    ; 0.000        ; 0.513      ; 1.638      ;
; 0.950 ; clockticks[1]  ; clockticks[2]  ; CLOCK_50     ; CLOCK_50    ; 0.000        ; 0.082      ; 1.218      ;
; 0.964 ; clockticks[0]  ; clockticks[1]  ; CLOCK_50     ; CLOCK_50    ; 0.000        ; 0.082      ; 1.232      ;
; 0.969 ; clockticks[0]  ; clockticks[2]  ; CLOCK_50     ; CLOCK_50    ; 0.000        ; 0.082      ; 1.237      ;
; 0.979 ; clockticks[10] ; clockticks[11] ; CLOCK_50     ; CLOCK_50    ; 0.000        ; 0.099      ; 1.264      ;
; 0.981 ; clockticks[3]  ; clockticks[4]  ; CLOCK_50     ; CLOCK_50    ; 0.000        ; 0.082      ; 1.249      ;
; 0.982 ; clockticks[7]  ; clockticks[8]  ; CLOCK_50     ; CLOCK_50    ; 0.000        ; 0.082      ; 1.250      ;
; 0.983 ; clockticks[5]  ; clockticks[6]  ; CLOCK_50     ; CLOCK_50    ; 0.000        ; 0.082      ; 1.251      ;
; 0.987 ; clockticks[8]  ; clockticks[9]  ; CLOCK_50     ; CLOCK_50    ; 0.000        ; 0.082      ; 1.255      ;
; 0.987 ; clockticks[2]  ; clockticks[3]  ; CLOCK_50     ; CLOCK_50    ; 0.000        ; 0.082      ; 1.255      ;
; 0.992 ; clockticks[4]  ; clockticks[5]  ; CLOCK_50     ; CLOCK_50    ; 0.000        ; 0.082      ; 1.260      ;
; 0.992 ; clockticks[2]  ; clockticks[4]  ; CLOCK_50     ; CLOCK_50    ; 0.000        ; 0.082      ; 1.260      ;
; 0.995 ; clockticks[6]  ; clockticks[7]  ; CLOCK_50     ; CLOCK_50    ; 0.000        ; 0.082      ; 1.263      ;
; 0.997 ; clockticks[4]  ; clockticks[6]  ; CLOCK_50     ; CLOCK_50    ; 0.000        ; 0.082      ; 1.265      ;
; 1.000 ; clockticks[6]  ; clockticks[8]  ; CLOCK_50     ; CLOCK_50    ; 0.000        ; 0.082      ; 1.268      ;
; 1.023 ; clockticks[1]  ; clockticks[10] ; CLOCK_50     ; CLOCK_50    ; 0.000        ; 0.513      ; 1.722      ;
; 1.042 ; clockticks[0]  ; clockticks[10] ; CLOCK_50     ; CLOCK_50    ; 0.000        ; 0.513      ; 1.741      ;
; 1.049 ; clockticks[3]  ; clockticks[11] ; CLOCK_50     ; CLOCK_50    ; 0.000        ; 0.513      ; 1.748      ;
; 1.060 ; clockticks[2]  ; clockticks[11] ; CLOCK_50     ; CLOCK_50    ; 0.000        ; 0.513      ; 1.759      ;
; 1.071 ; clockticks[1]  ; clockticks[3]  ; CLOCK_50     ; CLOCK_50    ; 0.000        ; 0.082      ; 1.339      ;
; 1.076 ; clockticks[1]  ; clockticks[4]  ; CLOCK_50     ; CLOCK_50    ; 0.000        ; 0.082      ; 1.344      ;
; 1.090 ; clockticks[0]  ; clockticks[3]  ; CLOCK_50     ; CLOCK_50    ; 0.000        ; 0.082      ; 1.358      ;
; 1.091 ; clockticks[8]  ; clock          ; CLOCK_50     ; CLOCK_50    ; 0.000        ; 0.083      ; 1.360      ;
; 1.095 ; clockticks[0]  ; clockticks[4]  ; CLOCK_50     ; CLOCK_50    ; 0.000        ; 0.082      ; 1.363      ;
; 1.102 ; clockticks[3]  ; clockticks[5]  ; CLOCK_50     ; CLOCK_50    ; 0.000        ; 0.082      ; 1.370      ;
; 1.103 ; clockticks[9]  ; clock          ; CLOCK_50     ; CLOCK_50    ; 0.000        ; 0.083      ; 1.372      ;
; 1.103 ; clockticks[7]  ; clockticks[9]  ; CLOCK_50     ; CLOCK_50    ; 0.000        ; 0.082      ; 1.371      ;
; 1.104 ; clockticks[5]  ; clockticks[7]  ; CLOCK_50     ; CLOCK_50    ; 0.000        ; 0.082      ; 1.372      ;
; 1.106 ; clockticks[9]  ; clockticks[12] ; CLOCK_50     ; CLOCK_50    ; 0.000        ; 0.082      ; 1.374      ;
; 1.107 ; clockticks[12] ; clockticks[11] ; CLOCK_50     ; CLOCK_50    ; 0.000        ; 0.513      ; 1.806      ;
; 1.107 ; clockticks[12] ; clockticks[10] ; CLOCK_50     ; CLOCK_50    ; 0.000        ; 0.513      ; 1.806      ;
; 1.107 ; clockticks[3]  ; clockticks[6]  ; CLOCK_50     ; CLOCK_50    ; 0.000        ; 0.082      ; 1.375      ;
; 1.109 ; clockticks[5]  ; clockticks[8]  ; CLOCK_50     ; CLOCK_50    ; 0.000        ; 0.082      ; 1.377      ;
; 1.113 ; clockticks[2]  ; clockticks[5]  ; CLOCK_50     ; CLOCK_50    ; 0.000        ; 0.082      ; 1.381      ;
; 1.118 ; clockticks[4]  ; clockticks[7]  ; CLOCK_50     ; CLOCK_50    ; 0.000        ; 0.082      ; 1.386      ;
; 1.118 ; clockticks[8]  ; clockticks[12] ; CLOCK_50     ; CLOCK_50    ; 0.000        ; 0.082      ; 1.386      ;
; 1.118 ; clockticks[2]  ; clockticks[6]  ; CLOCK_50     ; CLOCK_50    ; 0.000        ; 0.082      ; 1.386      ;
; 1.121 ; clockticks[6]  ; clockticks[9]  ; CLOCK_50     ; CLOCK_50    ; 0.000        ; 0.082      ; 1.389      ;
; 1.123 ; clockticks[4]  ; clockticks[8]  ; CLOCK_50     ; CLOCK_50    ; 0.000        ; 0.082      ; 1.391      ;
; 1.144 ; clockticks[1]  ; clockticks[11] ; CLOCK_50     ; CLOCK_50    ; 0.000        ; 0.513      ; 1.843      ;
; 1.163 ; clockticks[0]  ; clockticks[11] ; CLOCK_50     ; CLOCK_50    ; 0.000        ; 0.513      ; 1.862      ;
; 1.197 ; clockticks[1]  ; clockticks[5]  ; CLOCK_50     ; CLOCK_50    ; 0.000        ; 0.082      ; 1.465      ;
; 1.202 ; clockticks[1]  ; clockticks[6]  ; CLOCK_50     ; CLOCK_50    ; 0.000        ; 0.082      ; 1.470      ;
; 1.216 ; clockticks[0]  ; clockticks[5]  ; CLOCK_50     ; CLOCK_50    ; 0.000        ; 0.082      ; 1.484      ;
; 1.221 ; clockticks[0]  ; clockticks[6]  ; CLOCK_50     ; CLOCK_50    ; 0.000        ; 0.082      ; 1.489      ;
; 1.228 ; clockticks[3]  ; clockticks[7]  ; CLOCK_50     ; CLOCK_50    ; 0.000        ; 0.082      ; 1.496      ;
; 1.230 ; clockticks[5]  ; clockticks[9]  ; CLOCK_50     ; CLOCK_50    ; 0.000        ; 0.082      ; 1.498      ;
; 1.233 ; clockticks[3]  ; clockticks[8]  ; CLOCK_50     ; CLOCK_50    ; 0.000        ; 0.082      ; 1.501      ;
; 1.234 ; clockticks[7]  ; clockticks[12] ; CLOCK_50     ; CLOCK_50    ; 0.000        ; 0.082      ; 1.502      ;
; 1.239 ; clockticks[2]  ; clockticks[7]  ; CLOCK_50     ; CLOCK_50    ; 0.000        ; 0.082      ; 1.507      ;
; 1.244 ; clockticks[4]  ; clockticks[9]  ; CLOCK_50     ; CLOCK_50    ; 0.000        ; 0.082      ; 1.512      ;
; 1.244 ; clockticks[2]  ; clockticks[8]  ; CLOCK_50     ; CLOCK_50    ; 0.000        ; 0.082      ; 1.512      ;
; 1.252 ; clockticks[6]  ; clockticks[12] ; CLOCK_50     ; CLOCK_50    ; 0.000        ; 0.082      ; 1.520      ;
; 1.272 ; clockticks[11] ; clockticks[10] ; CLOCK_50     ; CLOCK_50    ; 0.000        ; 0.099      ; 1.557      ;
; 1.318 ; clockticks[7]  ; clock          ; CLOCK_50     ; CLOCK_50    ; 0.000        ; 0.083      ; 1.587      ;
; 1.323 ; clockticks[1]  ; clockticks[7]  ; CLOCK_50     ; CLOCK_50    ; 0.000        ; 0.082      ; 1.591      ;
; 1.328 ; clockticks[1]  ; clockticks[8]  ; CLOCK_50     ; CLOCK_50    ; 0.000        ; 0.082      ; 1.596      ;
; 1.342 ; clockticks[0]  ; clockticks[7]  ; CLOCK_50     ; CLOCK_50    ; 0.000        ; 0.082      ; 1.610      ;
; 1.347 ; clockticks[0]  ; clockticks[8]  ; CLOCK_50     ; CLOCK_50    ; 0.000        ; 0.082      ; 1.615      ;
; 1.354 ; clockticks[3]  ; clockticks[9]  ; CLOCK_50     ; CLOCK_50    ; 0.000        ; 0.082      ; 1.622      ;
; 1.361 ; clockticks[5]  ; clockticks[12] ; CLOCK_50     ; CLOCK_50    ; 0.000        ; 0.082      ; 1.629      ;
; 1.365 ; clockticks[2]  ; clockticks[9]  ; CLOCK_50     ; CLOCK_50    ; 0.000        ; 0.082      ; 1.633      ;
; 1.375 ; clockticks[4]  ; clockticks[12] ; CLOCK_50     ; CLOCK_50    ; 0.000        ; 0.082      ; 1.643      ;
; 1.395 ; clockticks[11] ; clockticks[12] ; CLOCK_50     ; CLOCK_50    ; 0.000        ; -0.332     ; 1.249      ;
; 1.415 ; clockticks[10] ; clockticks[12] ; CLOCK_50     ; CLOCK_50    ; 0.000        ; -0.332     ; 1.269      ;
; 1.426 ; clockticks[3]  ; clock          ; CLOCK_50     ; CLOCK_50    ; 0.000        ; 0.083      ; 1.695      ;
; 1.449 ; clockticks[1]  ; clockticks[9]  ; CLOCK_50     ; CLOCK_50    ; 0.000        ; 0.082      ; 1.717      ;
; 1.468 ; clockticks[0]  ; clockticks[9]  ; CLOCK_50     ; CLOCK_50    ; 0.000        ; 0.082      ; 1.736      ;
; 1.485 ; clockticks[3]  ; clockticks[12] ; CLOCK_50     ; CLOCK_50    ; 0.000        ; 0.082      ; 1.753      ;
; 1.496 ; clockticks[2]  ; clockticks[12] ; CLOCK_50     ; CLOCK_50    ; 0.000        ; 0.082      ; 1.764      ;
; 1.503 ; clockticks[6]  ; clock          ; CLOCK_50     ; CLOCK_50    ; 0.000        ; 0.083      ; 1.772      ;
; 1.515 ; clockticks[11] ; clock          ; CLOCK_50     ; CLOCK_50    ; 0.000        ; -0.331     ; 1.370      ;
; 1.538 ; clockticks[12] ; clockticks[3]  ; CLOCK_50     ; CLOCK_50    ; 0.000        ; 0.082      ; 1.806      ;
+-------+----------------+----------------+--------------+-------------+--------------+------------+------------+


-----------------------------------------------
; Slow 1200mV 85C Model Metastability Summary ;
-----------------------------------------------
No synchronizer chains to report.


+-----------------------------------------------------------------------------------------------------------+
; Slow 1200mV 0C Model Fmax Summary                                                                         ;
+------------+-----------------+------------+---------------------------------------------------------------+
; Fmax       ; Restricted Fmax ; Clock Name ; Note                                                          ;
+------------+-----------------+------------+---------------------------------------------------------------+
; 130.41 MHz ; 130.41 MHz      ; clock      ;                                                               ;
; 412.54 MHz ; 250.0 MHz       ; CLOCK_50   ; limit due to minimum period restriction (max I/O toggle rate) ;
+------------+-----------------+------------+---------------------------------------------------------------+
This panel reports FMAX for every clock in the design, regardless of the user-specified clock periods.  FMAX is only computed for paths where the source and destination registers or ports are driven by the same clock.  Paths of different clocks, including generated clocks, are ignored.  For paths between a clock and its inversion, FMAX is computed as if the rising and falling edges are scaled along with FMAX, such that the duty cycle (in terms of a percentage) is maintained. Altera recommends that you always use clock constraints and other slack reports for sign-off analysis.


+------------------------------------+
; Slow 1200mV 0C Model Setup Summary ;
+----------+--------+----------------+
; Clock    ; Slack  ; End Point TNS  ;
+----------+--------+----------------+
; clock    ; -6.668 ; -640.367       ;
; CLOCK_50 ; -1.424 ; -18.872        ;
+----------+--------+----------------+


+-----------------------------------+
; Slow 1200mV 0C Model Hold Summary ;
+----------+-------+----------------+
; Clock    ; Slack ; End Point TNS  ;
+----------+-------+----------------+
; clock    ; 0.355 ; 0.000          ;
; CLOCK_50 ; 0.397 ; 0.000          ;
+----------+-------+----------------+


-----------------------------------------
; Slow 1200mV 0C Model Recovery Summary ;
-----------------------------------------
No paths to report.


----------------------------------------
; Slow 1200mV 0C Model Removal Summary ;
----------------------------------------
No paths to report.


+--------------------------------------------------+
; Slow 1200mV 0C Model Minimum Pulse Width Summary ;
+----------+--------+------------------------------+
; Clock    ; Slack  ; End Point TNS                ;
+----------+--------+------------------------------+
; CLOCK_50 ; -3.000 ; -20.990                      ;
; clock    ; -1.285 ; -443.325                     ;
+----------+--------+------------------------------+


+--------------------------------------------------------------------------------------------------------------------------------------------------------+
; Slow 1200mV 0C Model Setup: 'clock'                                                                                                                    ;
+--------+---------------------------------+---------------------------------------+--------------+-------------+--------------+------------+------------+
; Slack  ; From Node                       ; To Node                               ; Launch Clock ; Latch Clock ; Relationship ; Clock Skew ; Data Delay ;
+--------+---------------------------------+---------------------------------------+--------------+-------------+--------------+------------+------------+
; -6.668 ; id_ex:S_ID_EX|EX_out_reg[1]     ; ex_mem:S_EX_MEM|regis16:R_ALU_R|R[15] ; clock        ; clock       ; 1.000        ; -0.071     ; 7.596      ;
; -6.541 ; id_ex:S_ID_EX|RD_EX_reg[0]      ; ex_mem:S_EX_MEM|regis16:R_ALU_R|R[15] ; clock        ; clock       ; 1.000        ; -0.071     ; 7.469      ;
; -6.384 ; id_ex:S_ID_EX|RT_EX_reg[0]      ; ex_mem:S_EX_MEM|regis16:R_ALU_R|R[15] ; clock        ; clock       ; 1.000        ; -0.071     ; 7.312      ;
; -6.356 ; id_ex:S_ID_EX|RT_Data_EX_reg[3] ; ex_mem:S_EX_MEM|regis16:R_ALU_R|R[15] ; clock        ; clock       ; 1.000        ; -0.071     ; 7.284      ;
; -6.343 ; id_ex:S_ID_EX|RD_EX_reg[1]      ; ex_mem:S_EX_MEM|regis16:R_ALU_R|R[15] ; clock        ; clock       ; 1.000        ; -0.071     ; 7.271      ;
; -6.263 ; id_ex:S_ID_EX|RT_Data_EX_reg[0] ; ex_mem:S_EX_MEM|regis16:R_ALU_R|R[15] ; clock        ; clock       ; 1.000        ; -0.071     ; 7.191      ;
; -6.215 ; id_ex:S_ID_EX|EX_out_reg[1]     ; ex_mem:S_EX_MEM|regis16:R_ALU_R|R[14] ; clock        ; clock       ; 1.000        ; -0.071     ; 7.143      ;
; -6.214 ; id_ex:S_ID_EX|RT_Data_EX_reg[1] ; ex_mem:S_EX_MEM|regis16:R_ALU_R|R[15] ; clock        ; clock       ; 1.000        ; -0.071     ; 7.142      ;
; -6.168 ; id_ex:S_ID_EX|EX_out_reg[1]     ; ex_mem:S_EX_MEM|regis16:R_ALU_R|R[13] ; clock        ; clock       ; 1.000        ; -0.072     ; 7.095      ;
; -6.088 ; id_ex:S_ID_EX|RD_EX_reg[0]      ; ex_mem:S_EX_MEM|regis16:R_ALU_R|R[14] ; clock        ; clock       ; 1.000        ; -0.071     ; 7.016      ;
; -6.076 ; id_ex:S_ID_EX|EX_out_reg[1]     ; ex_mem:S_EX_MEM|regis16:R_ALU_R|R[11] ; clock        ; clock       ; 1.000        ; -0.072     ; 7.003      ;
; -6.074 ; id_ex:S_ID_EX|RT_Data_EX_reg[2] ; ex_mem:S_EX_MEM|regis16:R_ALU_R|R[15] ; clock        ; clock       ; 1.000        ; -0.071     ; 7.002      ;
; -6.041 ; id_ex:S_ID_EX|RD_EX_reg[0]      ; ex_mem:S_EX_MEM|regis16:R_ALU_R|R[13] ; clock        ; clock       ; 1.000        ; -0.072     ; 6.968      ;
; -5.977 ; id_ex:S_ID_EX|Src_A_reg[0]      ; ex_mem:S_EX_MEM|regis16:R_ALU_R|R[15] ; clock        ; clock       ; 1.000        ; -0.071     ; 6.905      ;
; -5.949 ; id_ex:S_ID_EX|RD_EX_reg[0]      ; ex_mem:S_EX_MEM|regis16:R_ALU_R|R[11] ; clock        ; clock       ; 1.000        ; -0.072     ; 6.876      ;
; -5.943 ; id_ex:S_ID_EX|RT_Data_EX_reg[4] ; ex_mem:S_EX_MEM|regis16:R_ALU_R|R[15] ; clock        ; clock       ; 1.000        ; -0.071     ; 6.871      ;
; -5.931 ; id_ex:S_ID_EX|RT_EX_reg[0]      ; ex_mem:S_EX_MEM|regis16:R_ALU_R|R[14] ; clock        ; clock       ; 1.000        ; -0.071     ; 6.859      ;
; -5.903 ; id_ex:S_ID_EX|RT_Data_EX_reg[3] ; ex_mem:S_EX_MEM|regis16:R_ALU_R|R[14] ; clock        ; clock       ; 1.000        ; -0.071     ; 6.831      ;
; -5.890 ; id_ex:S_ID_EX|RD_EX_reg[1]      ; ex_mem:S_EX_MEM|regis16:R_ALU_R|R[14] ; clock        ; clock       ; 1.000        ; -0.071     ; 6.818      ;
; -5.884 ; id_ex:S_ID_EX|RT_EX_reg[0]      ; ex_mem:S_EX_MEM|regis16:R_ALU_R|R[13] ; clock        ; clock       ; 1.000        ; -0.072     ; 6.811      ;
; -5.856 ; id_ex:S_ID_EX|RT_Data_EX_reg[3] ; ex_mem:S_EX_MEM|regis16:R_ALU_R|R[13] ; clock        ; clock       ; 1.000        ; -0.072     ; 6.783      ;
; -5.843 ; id_ex:S_ID_EX|RD_EX_reg[1]      ; ex_mem:S_EX_MEM|regis16:R_ALU_R|R[13] ; clock        ; clock       ; 1.000        ; -0.072     ; 6.770      ;
; -5.810 ; id_ex:S_ID_EX|RT_Data_EX_reg[0] ; ex_mem:S_EX_MEM|regis16:R_ALU_R|R[14] ; clock        ; clock       ; 1.000        ; -0.071     ; 6.738      ;
; -5.792 ; id_ex:S_ID_EX|RT_EX_reg[0]      ; ex_mem:S_EX_MEM|regis16:R_ALU_R|R[11] ; clock        ; clock       ; 1.000        ; -0.072     ; 6.719      ;
; -5.791 ; id_ex:S_ID_EX|Src_A_reg[1]      ; ex_mem:S_EX_MEM|regis16:R_ALU_R|R[15] ; clock        ; clock       ; 1.000        ; -0.429     ; 6.361      ;
; -5.764 ; id_ex:S_ID_EX|RT_Data_EX_reg[3] ; ex_mem:S_EX_MEM|regis16:R_ALU_R|R[11] ; clock        ; clock       ; 1.000        ; -0.072     ; 6.691      ;
; -5.763 ; id_ex:S_ID_EX|RT_Data_EX_reg[0] ; ex_mem:S_EX_MEM|regis16:R_ALU_R|R[13] ; clock        ; clock       ; 1.000        ; -0.072     ; 6.690      ;
; -5.761 ; id_ex:S_ID_EX|RT_Data_EX_reg[1] ; ex_mem:S_EX_MEM|regis16:R_ALU_R|R[14] ; clock        ; clock       ; 1.000        ; -0.071     ; 6.689      ;
; -5.751 ; id_ex:S_ID_EX|RD_EX_reg[1]      ; ex_mem:S_EX_MEM|regis16:R_ALU_R|R[11] ; clock        ; clock       ; 1.000        ; -0.072     ; 6.678      ;
; -5.714 ; id_ex:S_ID_EX|RT_Data_EX_reg[1] ; ex_mem:S_EX_MEM|regis16:R_ALU_R|R[13] ; clock        ; clock       ; 1.000        ; -0.072     ; 6.641      ;
; -5.675 ; id_ex:S_ID_EX|EX_out_reg[1]     ; ex_mem:S_EX_MEM|regis16:R_ALU_R|R[12] ; clock        ; clock       ; 1.000        ; -0.072     ; 6.602      ;
; -5.671 ; id_ex:S_ID_EX|RT_Data_EX_reg[0] ; ex_mem:S_EX_MEM|regis16:R_ALU_R|R[11] ; clock        ; clock       ; 1.000        ; -0.072     ; 6.598      ;
; -5.622 ; id_ex:S_ID_EX|RT_Data_EX_reg[1] ; ex_mem:S_EX_MEM|regis16:R_ALU_R|R[11] ; clock        ; clock       ; 1.000        ; -0.072     ; 6.549      ;
; -5.621 ; id_ex:S_ID_EX|RT_Data_EX_reg[2] ; ex_mem:S_EX_MEM|regis16:R_ALU_R|R[14] ; clock        ; clock       ; 1.000        ; -0.071     ; 6.549      ;
; -5.574 ; id_ex:S_ID_EX|RT_Data_EX_reg[2] ; ex_mem:S_EX_MEM|regis16:R_ALU_R|R[13] ; clock        ; clock       ; 1.000        ; -0.072     ; 6.501      ;
; -5.548 ; id_ex:S_ID_EX|RD_EX_reg[0]      ; ex_mem:S_EX_MEM|regis16:R_ALU_R|R[12] ; clock        ; clock       ; 1.000        ; -0.072     ; 6.475      ;
; -5.524 ; id_ex:S_ID_EX|Src_A_reg[0]      ; ex_mem:S_EX_MEM|regis16:R_ALU_R|R[14] ; clock        ; clock       ; 1.000        ; -0.071     ; 6.452      ;
; -5.490 ; id_ex:S_ID_EX|RT_Data_EX_reg[4] ; ex_mem:S_EX_MEM|regis16:R_ALU_R|R[14] ; clock        ; clock       ; 1.000        ; -0.071     ; 6.418      ;
; -5.482 ; id_ex:S_ID_EX|RT_Data_EX_reg[2] ; ex_mem:S_EX_MEM|regis16:R_ALU_R|R[11] ; clock        ; clock       ; 1.000        ; -0.072     ; 6.409      ;
; -5.477 ; id_ex:S_ID_EX|Src_A_reg[0]      ; ex_mem:S_EX_MEM|regis16:R_ALU_R|R[13] ; clock        ; clock       ; 1.000        ; -0.072     ; 6.404      ;
; -5.443 ; id_ex:S_ID_EX|RT_Data_EX_reg[4] ; ex_mem:S_EX_MEM|regis16:R_ALU_R|R[13] ; clock        ; clock       ; 1.000        ; -0.072     ; 6.370      ;
; -5.435 ; id_ex:S_ID_EX|Src_A_reg[2]      ; ex_mem:S_EX_MEM|regis16:R_ALU_R|R[15] ; clock        ; clock       ; 1.000        ; -0.429     ; 6.005      ;
; -5.391 ; id_ex:S_ID_EX|RT_EX_reg[0]      ; ex_mem:S_EX_MEM|regis16:R_ALU_R|R[12] ; clock        ; clock       ; 1.000        ; -0.072     ; 6.318      ;
; -5.385 ; id_ex:S_ID_EX|Src_A_reg[0]      ; ex_mem:S_EX_MEM|regis16:R_ALU_R|R[11] ; clock        ; clock       ; 1.000        ; -0.072     ; 6.312      ;
; -5.363 ; id_ex:S_ID_EX|RT_Data_EX_reg[3] ; ex_mem:S_EX_MEM|regis16:R_ALU_R|R[12] ; clock        ; clock       ; 1.000        ; -0.072     ; 6.290      ;
; -5.351 ; id_ex:S_ID_EX|RT_Data_EX_reg[4] ; ex_mem:S_EX_MEM|regis16:R_ALU_R|R[11] ; clock        ; clock       ; 1.000        ; -0.072     ; 6.278      ;
; -5.350 ; id_ex:S_ID_EX|RD_EX_reg[1]      ; ex_mem:S_EX_MEM|regis16:R_ALU_R|R[12] ; clock        ; clock       ; 1.000        ; -0.072     ; 6.277      ;
; -5.338 ; id_ex:S_ID_EX|Src_A_reg[1]      ; ex_mem:S_EX_MEM|regis16:R_ALU_R|R[14] ; clock        ; clock       ; 1.000        ; -0.429     ; 5.908      ;
; -5.291 ; id_ex:S_ID_EX|Src_A_reg[1]      ; ex_mem:S_EX_MEM|regis16:R_ALU_R|R[13] ; clock        ; clock       ; 1.000        ; -0.430     ; 5.860      ;
; -5.270 ; id_ex:S_ID_EX|RT_Data_EX_reg[0] ; ex_mem:S_EX_MEM|regis16:R_ALU_R|R[12] ; clock        ; clock       ; 1.000        ; -0.072     ; 6.197      ;
; -5.221 ; id_ex:S_ID_EX|RT_Data_EX_reg[1] ; ex_mem:S_EX_MEM|regis16:R_ALU_R|R[12] ; clock        ; clock       ; 1.000        ; -0.072     ; 6.148      ;
; -5.199 ; id_ex:S_ID_EX|Src_A_reg[1]      ; ex_mem:S_EX_MEM|regis16:R_ALU_R|R[11] ; clock        ; clock       ; 1.000        ; -0.430     ; 5.768      ;
; -5.081 ; id_ex:S_ID_EX|Src_A_reg[3]      ; ex_mem:S_EX_MEM|regis16:R_ALU_R|R[15] ; clock        ; clock       ; 1.000        ; -0.429     ; 5.651      ;
; -5.081 ; id_ex:S_ID_EX|RT_Data_EX_reg[2] ; ex_mem:S_EX_MEM|regis16:R_ALU_R|R[12] ; clock        ; clock       ; 1.000        ; -0.072     ; 6.008      ;
; -4.984 ; id_ex:S_ID_EX|Src_A_reg[0]      ; ex_mem:S_EX_MEM|regis16:R_ALU_R|R[12] ; clock        ; clock       ; 1.000        ; -0.072     ; 5.911      ;
; -4.982 ; id_ex:S_ID_EX|Src_A_reg[2]      ; ex_mem:S_EX_MEM|regis16:R_ALU_R|R[14] ; clock        ; clock       ; 1.000        ; -0.429     ; 5.552      ;
; -4.950 ; id_ex:S_ID_EX|RT_Data_EX_reg[4] ; ex_mem:S_EX_MEM|regis16:R_ALU_R|R[12] ; clock        ; clock       ; 1.000        ; -0.072     ; 5.877      ;
; -4.935 ; id_ex:S_ID_EX|Src_A_reg[2]      ; ex_mem:S_EX_MEM|regis16:R_ALU_R|R[13] ; clock        ; clock       ; 1.000        ; -0.430     ; 5.504      ;
; -4.884 ; id_ex:S_ID_EX|EX_out_reg[1]     ; ex_mem:S_EX_MEM|regis16:R_ALU_R|R[10] ; clock        ; clock       ; 1.000        ; -0.072     ; 5.811      ;
; -4.843 ; id_ex:S_ID_EX|Src_A_reg[2]      ; ex_mem:S_EX_MEM|regis16:R_ALU_R|R[11] ; clock        ; clock       ; 1.000        ; -0.430     ; 5.412      ;
; -4.798 ; id_ex:S_ID_EX|Src_A_reg[1]      ; ex_mem:S_EX_MEM|regis16:R_ALU_R|R[12] ; clock        ; clock       ; 1.000        ; -0.430     ; 5.367      ;
; -4.775 ; id_ex:S_ID_EX|RT_Data_EX_reg[5] ; ex_mem:S_EX_MEM|regis16:R_ALU_R|R[15] ; clock        ; clock       ; 1.000        ; -0.070     ; 5.704      ;
; -4.757 ; id_ex:S_ID_EX|RD_EX_reg[0]      ; ex_mem:S_EX_MEM|regis16:R_ALU_R|R[10] ; clock        ; clock       ; 1.000        ; -0.072     ; 5.684      ;
; -4.727 ; id_ex:S_ID_EX|Src_A_reg[4]      ; ex_mem:S_EX_MEM|regis16:R_ALU_R|R[15] ; clock        ; clock       ; 1.000        ; -0.429     ; 5.297      ;
; -4.628 ; id_ex:S_ID_EX|Src_A_reg[3]      ; ex_mem:S_EX_MEM|regis16:R_ALU_R|R[14] ; clock        ; clock       ; 1.000        ; -0.429     ; 5.198      ;
; -4.600 ; id_ex:S_ID_EX|RT_EX_reg[0]      ; ex_mem:S_EX_MEM|regis16:R_ALU_R|R[10] ; clock        ; clock       ; 1.000        ; -0.072     ; 5.527      ;
; -4.581 ; id_ex:S_ID_EX|Src_A_reg[3]      ; ex_mem:S_EX_MEM|regis16:R_ALU_R|R[13] ; clock        ; clock       ; 1.000        ; -0.430     ; 5.150      ;
; -4.572 ; id_ex:S_ID_EX|RT_Data_EX_reg[3] ; ex_mem:S_EX_MEM|regis16:R_ALU_R|R[10] ; clock        ; clock       ; 1.000        ; -0.072     ; 5.499      ;
; -4.559 ; id_ex:S_ID_EX|RD_EX_reg[1]      ; ex_mem:S_EX_MEM|regis16:R_ALU_R|R[10] ; clock        ; clock       ; 1.000        ; -0.072     ; 5.486      ;
; -4.489 ; id_ex:S_ID_EX|Src_A_reg[3]      ; ex_mem:S_EX_MEM|regis16:R_ALU_R|R[11] ; clock        ; clock       ; 1.000        ; -0.430     ; 5.058      ;
; -4.479 ; id_ex:S_ID_EX|RT_Data_EX_reg[0] ; ex_mem:S_EX_MEM|regis16:R_ALU_R|R[10] ; clock        ; clock       ; 1.000        ; -0.072     ; 5.406      ;
; -4.470 ; id_ex:S_ID_EX|EX_out_reg[1]     ; ex_mem:S_EX_MEM|regis16:R_ALU_R|R[9]  ; clock        ; clock       ; 1.000        ; -0.072     ; 5.397      ;
; -4.468 ; id_ex:S_ID_EX|RT_Data_EX_reg[6] ; ex_mem:S_EX_MEM|regis16:R_ALU_R|R[15] ; clock        ; clock       ; 1.000        ; -0.070     ; 5.397      ;
; -4.442 ; id_ex:S_ID_EX|Src_A_reg[2]      ; ex_mem:S_EX_MEM|regis16:R_ALU_R|R[12] ; clock        ; clock       ; 1.000        ; -0.430     ; 5.011      ;
; -4.430 ; id_ex:S_ID_EX|RT_Data_EX_reg[1] ; ex_mem:S_EX_MEM|regis16:R_ALU_R|R[10] ; clock        ; clock       ; 1.000        ; -0.072     ; 5.357      ;
; -4.372 ; id_ex:S_ID_EX|Src_A_reg[5]      ; ex_mem:S_EX_MEM|regis16:R_ALU_R|R[15] ; clock        ; clock       ; 1.000        ; -0.429     ; 4.942      ;
; -4.343 ; id_ex:S_ID_EX|RD_EX_reg[0]      ; ex_mem:S_EX_MEM|regis16:R_ALU_R|R[9]  ; clock        ; clock       ; 1.000        ; -0.072     ; 5.270      ;
; -4.322 ; id_ex:S_ID_EX|RT_Data_EX_reg[5] ; ex_mem:S_EX_MEM|regis16:R_ALU_R|R[14] ; clock        ; clock       ; 1.000        ; -0.070     ; 5.251      ;
; -4.292 ; id_ex:S_ID_EX|RT_Data_EX_reg[8] ; ex_mem:S_EX_MEM|regis16:R_ALU_R|R[15] ; clock        ; clock       ; 1.000        ; -0.070     ; 5.221      ;
; -4.290 ; id_ex:S_ID_EX|RT_Data_EX_reg[2] ; ex_mem:S_EX_MEM|regis16:R_ALU_R|R[10] ; clock        ; clock       ; 1.000        ; -0.072     ; 5.217      ;
; -4.275 ; id_ex:S_ID_EX|RT_Data_EX_reg[5] ; ex_mem:S_EX_MEM|regis16:R_ALU_R|R[13] ; clock        ; clock       ; 1.000        ; -0.071     ; 5.203      ;
; -4.274 ; id_ex:S_ID_EX|Src_A_reg[4]      ; ex_mem:S_EX_MEM|regis16:R_ALU_R|R[14] ; clock        ; clock       ; 1.000        ; -0.429     ; 4.844      ;
; -4.227 ; id_ex:S_ID_EX|Src_A_reg[4]      ; ex_mem:S_EX_MEM|regis16:R_ALU_R|R[13] ; clock        ; clock       ; 1.000        ; -0.430     ; 4.796      ;
; -4.193 ; id_ex:S_ID_EX|Src_A_reg[0]      ; ex_mem:S_EX_MEM|regis16:R_ALU_R|R[10] ; clock        ; clock       ; 1.000        ; -0.072     ; 5.120      ;
; -4.186 ; id_ex:S_ID_EX|RT_EX_reg[0]      ; ex_mem:S_EX_MEM|regis16:R_ALU_R|R[9]  ; clock        ; clock       ; 1.000        ; -0.072     ; 5.113      ;
; -4.183 ; id_ex:S_ID_EX|RT_Data_EX_reg[5] ; ex_mem:S_EX_MEM|regis16:R_ALU_R|R[11] ; clock        ; clock       ; 1.000        ; -0.071     ; 5.111      ;
; -4.159 ; id_ex:S_ID_EX|RT_Data_EX_reg[4] ; ex_mem:S_EX_MEM|regis16:R_ALU_R|R[10] ; clock        ; clock       ; 1.000        ; -0.072     ; 5.086      ;
; -4.158 ; id_ex:S_ID_EX|RT_Data_EX_reg[3] ; ex_mem:S_EX_MEM|regis16:R_ALU_R|R[9]  ; clock        ; clock       ; 1.000        ; -0.072     ; 5.085      ;
; -4.145 ; id_ex:S_ID_EX|RD_EX_reg[1]      ; ex_mem:S_EX_MEM|regis16:R_ALU_R|R[9]  ; clock        ; clock       ; 1.000        ; -0.072     ; 5.072      ;
; -4.144 ; id_ex:S_ID_EX|RT_Data_EX_reg[9] ; ex_mem:S_EX_MEM|regis16:R_ALU_R|R[15] ; clock        ; clock       ; 1.000        ; -0.068     ; 5.075      ;
; -4.135 ; id_ex:S_ID_EX|Src_A_reg[4]      ; ex_mem:S_EX_MEM|regis16:R_ALU_R|R[11] ; clock        ; clock       ; 1.000        ; -0.430     ; 4.704      ;
; -4.088 ; id_ex:S_ID_EX|Src_A_reg[3]      ; ex_mem:S_EX_MEM|regis16:R_ALU_R|R[12] ; clock        ; clock       ; 1.000        ; -0.430     ; 4.657      ;
; -4.065 ; id_ex:S_ID_EX|RT_Data_EX_reg[0] ; ex_mem:S_EX_MEM|regis16:R_ALU_R|R[9]  ; clock        ; clock       ; 1.000        ; -0.072     ; 4.992      ;
; -4.045 ; id_ex:S_ID_EX|RT_Data_EX_reg[7] ; ex_mem:S_EX_MEM|regis16:R_ALU_R|R[15] ; clock        ; clock       ; 1.000        ; -0.070     ; 4.974      ;
; -4.018 ; id_ex:S_ID_EX|Src_A_reg[6]      ; ex_mem:S_EX_MEM|regis16:R_ALU_R|R[15] ; clock        ; clock       ; 1.000        ; -0.429     ; 4.588      ;
; -4.016 ; id_ex:S_ID_EX|RT_Data_EX_reg[1] ; ex_mem:S_EX_MEM|regis16:R_ALU_R|R[9]  ; clock        ; clock       ; 1.000        ; -0.072     ; 4.943      ;
; -4.015 ; id_ex:S_ID_EX|RT_Data_EX_reg[6] ; ex_mem:S_EX_MEM|regis16:R_ALU_R|R[14] ; clock        ; clock       ; 1.000        ; -0.070     ; 4.944      ;
; -4.007 ; id_ex:S_ID_EX|Src_A_reg[1]      ; ex_mem:S_EX_MEM|regis16:R_ALU_R|R[10] ; clock        ; clock       ; 1.000        ; -0.430     ; 4.576      ;
; -3.968 ; id_ex:S_ID_EX|RT_Data_EX_reg[6] ; ex_mem:S_EX_MEM|regis16:R_ALU_R|R[13] ; clock        ; clock       ; 1.000        ; -0.071     ; 4.896      ;
; -3.919 ; id_ex:S_ID_EX|Src_A_reg[5]      ; ex_mem:S_EX_MEM|regis16:R_ALU_R|R[14] ; clock        ; clock       ; 1.000        ; -0.429     ; 4.489      ;
+--------+---------------------------------+---------------------------------------+--------------+-------------+--------------+------------+------------+


+----------------------------------------------------------------------------------------------------------------+
; Slow 1200mV 0C Model Setup: 'CLOCK_50'                                                                         ;
+--------+----------------+----------------+--------------+-------------+--------------+------------+------------+
; Slack  ; From Node      ; To Node        ; Launch Clock ; Latch Clock ; Relationship ; Clock Skew ; Data Delay ;
+--------+----------------+----------------+--------------+-------------+--------------+------------+------------+
; -1.424 ; clockticks[4]  ; clockticks[3]  ; CLOCK_50     ; CLOCK_50    ; 1.000        ; -0.074     ; 2.349      ;
; -1.424 ; clockticks[4]  ; clockticks[5]  ; CLOCK_50     ; CLOCK_50    ; 1.000        ; -0.074     ; 2.349      ;
; -1.424 ; clockticks[4]  ; clockticks[6]  ; CLOCK_50     ; CLOCK_50    ; 1.000        ; -0.074     ; 2.349      ;
; -1.424 ; clockticks[4]  ; clockticks[8]  ; CLOCK_50     ; CLOCK_50    ; 1.000        ; -0.074     ; 2.349      ;
; -1.424 ; clockticks[4]  ; clockticks[9]  ; CLOCK_50     ; CLOCK_50    ; 1.000        ; -0.074     ; 2.349      ;
; -1.424 ; clockticks[4]  ; clockticks[12] ; CLOCK_50     ; CLOCK_50    ; 1.000        ; -0.074     ; 2.349      ;
; -1.424 ; clockticks[4]  ; clockticks[7]  ; CLOCK_50     ; CLOCK_50    ; 1.000        ; -0.074     ; 2.349      ;
; -1.424 ; clockticks[4]  ; clockticks[4]  ; CLOCK_50     ; CLOCK_50    ; 1.000        ; -0.074     ; 2.349      ;
; -1.424 ; clockticks[4]  ; clockticks[2]  ; CLOCK_50     ; CLOCK_50    ; 1.000        ; -0.074     ; 2.349      ;
; -1.424 ; clockticks[4]  ; clockticks[0]  ; CLOCK_50     ; CLOCK_50    ; 1.000        ; -0.074     ; 2.349      ;
; -1.424 ; clockticks[4]  ; clockticks[1]  ; CLOCK_50     ; CLOCK_50    ; 1.000        ; -0.074     ; 2.349      ;
; -1.418 ; clockticks[6]  ; clockticks[3]  ; CLOCK_50     ; CLOCK_50    ; 1.000        ; -0.074     ; 2.343      ;
; -1.418 ; clockticks[6]  ; clockticks[5]  ; CLOCK_50     ; CLOCK_50    ; 1.000        ; -0.074     ; 2.343      ;
; -1.418 ; clockticks[6]  ; clockticks[6]  ; CLOCK_50     ; CLOCK_50    ; 1.000        ; -0.074     ; 2.343      ;
; -1.418 ; clockticks[6]  ; clockticks[8]  ; CLOCK_50     ; CLOCK_50    ; 1.000        ; -0.074     ; 2.343      ;
; -1.418 ; clockticks[6]  ; clockticks[9]  ; CLOCK_50     ; CLOCK_50    ; 1.000        ; -0.074     ; 2.343      ;
; -1.418 ; clockticks[6]  ; clockticks[12] ; CLOCK_50     ; CLOCK_50    ; 1.000        ; -0.074     ; 2.343      ;
; -1.418 ; clockticks[6]  ; clockticks[7]  ; CLOCK_50     ; CLOCK_50    ; 1.000        ; -0.074     ; 2.343      ;
; -1.418 ; clockticks[6]  ; clockticks[4]  ; CLOCK_50     ; CLOCK_50    ; 1.000        ; -0.074     ; 2.343      ;
; -1.418 ; clockticks[6]  ; clockticks[2]  ; CLOCK_50     ; CLOCK_50    ; 1.000        ; -0.074     ; 2.343      ;
; -1.418 ; clockticks[6]  ; clockticks[0]  ; CLOCK_50     ; CLOCK_50    ; 1.000        ; -0.074     ; 2.343      ;
; -1.418 ; clockticks[6]  ; clockticks[1]  ; CLOCK_50     ; CLOCK_50    ; 1.000        ; -0.074     ; 2.343      ;
; -1.263 ; clockticks[5]  ; clockticks[3]  ; CLOCK_50     ; CLOCK_50    ; 1.000        ; -0.074     ; 2.188      ;
; -1.263 ; clockticks[5]  ; clockticks[5]  ; CLOCK_50     ; CLOCK_50    ; 1.000        ; -0.074     ; 2.188      ;
; -1.263 ; clockticks[5]  ; clockticks[6]  ; CLOCK_50     ; CLOCK_50    ; 1.000        ; -0.074     ; 2.188      ;
; -1.263 ; clockticks[5]  ; clockticks[8]  ; CLOCK_50     ; CLOCK_50    ; 1.000        ; -0.074     ; 2.188      ;
; -1.263 ; clockticks[5]  ; clockticks[9]  ; CLOCK_50     ; CLOCK_50    ; 1.000        ; -0.074     ; 2.188      ;
; -1.263 ; clockticks[5]  ; clockticks[12] ; CLOCK_50     ; CLOCK_50    ; 1.000        ; -0.074     ; 2.188      ;
; -1.263 ; clockticks[5]  ; clockticks[7]  ; CLOCK_50     ; CLOCK_50    ; 1.000        ; -0.074     ; 2.188      ;
; -1.263 ; clockticks[5]  ; clockticks[4]  ; CLOCK_50     ; CLOCK_50    ; 1.000        ; -0.074     ; 2.188      ;
; -1.263 ; clockticks[5]  ; clockticks[2]  ; CLOCK_50     ; CLOCK_50    ; 1.000        ; -0.074     ; 2.188      ;
; -1.263 ; clockticks[5]  ; clockticks[0]  ; CLOCK_50     ; CLOCK_50    ; 1.000        ; -0.074     ; 2.188      ;
; -1.263 ; clockticks[5]  ; clockticks[1]  ; CLOCK_50     ; CLOCK_50    ; 1.000        ; -0.074     ; 2.188      ;
; -1.204 ; clockticks[1]  ; clockticks[12] ; CLOCK_50     ; CLOCK_50    ; 1.000        ; -0.074     ; 2.129      ;
; -1.154 ; clockticks[3]  ; clockticks[3]  ; CLOCK_50     ; CLOCK_50    ; 1.000        ; -0.074     ; 2.079      ;
; -1.154 ; clockticks[3]  ; clockticks[5]  ; CLOCK_50     ; CLOCK_50    ; 1.000        ; -0.074     ; 2.079      ;
; -1.154 ; clockticks[3]  ; clockticks[6]  ; CLOCK_50     ; CLOCK_50    ; 1.000        ; -0.074     ; 2.079      ;
; -1.154 ; clockticks[3]  ; clockticks[8]  ; CLOCK_50     ; CLOCK_50    ; 1.000        ; -0.074     ; 2.079      ;
; -1.154 ; clockticks[3]  ; clockticks[9]  ; CLOCK_50     ; CLOCK_50    ; 1.000        ; -0.074     ; 2.079      ;
; -1.154 ; clockticks[3]  ; clockticks[12] ; CLOCK_50     ; CLOCK_50    ; 1.000        ; -0.074     ; 2.079      ;
; -1.154 ; clockticks[3]  ; clockticks[7]  ; CLOCK_50     ; CLOCK_50    ; 1.000        ; -0.074     ; 2.079      ;
; -1.154 ; clockticks[3]  ; clockticks[4]  ; CLOCK_50     ; CLOCK_50    ; 1.000        ; -0.074     ; 2.079      ;
; -1.154 ; clockticks[3]  ; clockticks[2]  ; CLOCK_50     ; CLOCK_50    ; 1.000        ; -0.074     ; 2.079      ;
; -1.154 ; clockticks[3]  ; clockticks[0]  ; CLOCK_50     ; CLOCK_50    ; 1.000        ; -0.074     ; 2.079      ;
; -1.154 ; clockticks[3]  ; clockticks[1]  ; CLOCK_50     ; CLOCK_50    ; 1.000        ; -0.074     ; 2.079      ;
; -1.129 ; clockticks[0]  ; clockticks[12] ; CLOCK_50     ; CLOCK_50    ; 1.000        ; -0.074     ; 2.054      ;
; -1.118 ; clockticks[10] ; clock          ; CLOCK_50     ; CLOCK_50    ; 1.000        ; -0.467     ; 1.650      ;
; -1.117 ; clockticks[4]  ; clock          ; CLOCK_50     ; CLOCK_50    ; 1.000        ; -0.073     ; 2.043      ;
; -1.116 ; clockticks[10] ; clockticks[3]  ; CLOCK_50     ; CLOCK_50    ; 1.000        ; -0.468     ; 1.647      ;
; -1.116 ; clockticks[10] ; clockticks[5]  ; CLOCK_50     ; CLOCK_50    ; 1.000        ; -0.468     ; 1.647      ;
; -1.116 ; clockticks[10] ; clockticks[6]  ; CLOCK_50     ; CLOCK_50    ; 1.000        ; -0.468     ; 1.647      ;
; -1.116 ; clockticks[10] ; clockticks[8]  ; CLOCK_50     ; CLOCK_50    ; 1.000        ; -0.468     ; 1.647      ;
; -1.116 ; clockticks[10] ; clockticks[9]  ; CLOCK_50     ; CLOCK_50    ; 1.000        ; -0.468     ; 1.647      ;
; -1.116 ; clockticks[10] ; clockticks[12] ; CLOCK_50     ; CLOCK_50    ; 1.000        ; -0.468     ; 1.647      ;
; -1.116 ; clockticks[10] ; clockticks[7]  ; CLOCK_50     ; CLOCK_50    ; 1.000        ; -0.468     ; 1.647      ;
; -1.116 ; clockticks[10] ; clockticks[4]  ; CLOCK_50     ; CLOCK_50    ; 1.000        ; -0.468     ; 1.647      ;
; -1.116 ; clockticks[10] ; clockticks[2]  ; CLOCK_50     ; CLOCK_50    ; 1.000        ; -0.468     ; 1.647      ;
; -1.116 ; clockticks[10] ; clockticks[0]  ; CLOCK_50     ; CLOCK_50    ; 1.000        ; -0.468     ; 1.647      ;
; -1.116 ; clockticks[10] ; clockticks[1]  ; CLOCK_50     ; CLOCK_50    ; 1.000        ; -0.468     ; 1.647      ;
; -1.103 ; clockticks[9]  ; clockticks[3]  ; CLOCK_50     ; CLOCK_50    ; 1.000        ; -0.074     ; 2.028      ;
; -1.103 ; clockticks[9]  ; clockticks[5]  ; CLOCK_50     ; CLOCK_50    ; 1.000        ; -0.074     ; 2.028      ;
; -1.103 ; clockticks[9]  ; clockticks[6]  ; CLOCK_50     ; CLOCK_50    ; 1.000        ; -0.074     ; 2.028      ;
; -1.103 ; clockticks[9]  ; clockticks[8]  ; CLOCK_50     ; CLOCK_50    ; 1.000        ; -0.074     ; 2.028      ;
; -1.103 ; clockticks[9]  ; clockticks[9]  ; CLOCK_50     ; CLOCK_50    ; 1.000        ; -0.074     ; 2.028      ;
; -1.103 ; clockticks[9]  ; clockticks[12] ; CLOCK_50     ; CLOCK_50    ; 1.000        ; -0.074     ; 2.028      ;
; -1.103 ; clockticks[9]  ; clockticks[7]  ; CLOCK_50     ; CLOCK_50    ; 1.000        ; -0.074     ; 2.028      ;
; -1.103 ; clockticks[9]  ; clockticks[4]  ; CLOCK_50     ; CLOCK_50    ; 1.000        ; -0.074     ; 2.028      ;
; -1.103 ; clockticks[9]  ; clockticks[2]  ; CLOCK_50     ; CLOCK_50    ; 1.000        ; -0.074     ; 2.028      ;
; -1.103 ; clockticks[9]  ; clockticks[0]  ; CLOCK_50     ; CLOCK_50    ; 1.000        ; -0.074     ; 2.028      ;
; -1.103 ; clockticks[9]  ; clockticks[1]  ; CLOCK_50     ; CLOCK_50    ; 1.000        ; -0.074     ; 2.028      ;
; -1.102 ; clockticks[7]  ; clockticks[3]  ; CLOCK_50     ; CLOCK_50    ; 1.000        ; -0.074     ; 2.027      ;
; -1.102 ; clockticks[7]  ; clockticks[5]  ; CLOCK_50     ; CLOCK_50    ; 1.000        ; -0.074     ; 2.027      ;
; -1.102 ; clockticks[7]  ; clockticks[6]  ; CLOCK_50     ; CLOCK_50    ; 1.000        ; -0.074     ; 2.027      ;
; -1.102 ; clockticks[7]  ; clockticks[8]  ; CLOCK_50     ; CLOCK_50    ; 1.000        ; -0.074     ; 2.027      ;
; -1.102 ; clockticks[7]  ; clockticks[9]  ; CLOCK_50     ; CLOCK_50    ; 1.000        ; -0.074     ; 2.027      ;
; -1.102 ; clockticks[7]  ; clockticks[12] ; CLOCK_50     ; CLOCK_50    ; 1.000        ; -0.074     ; 2.027      ;
; -1.102 ; clockticks[7]  ; clockticks[7]  ; CLOCK_50     ; CLOCK_50    ; 1.000        ; -0.074     ; 2.027      ;
; -1.102 ; clockticks[7]  ; clockticks[4]  ; CLOCK_50     ; CLOCK_50    ; 1.000        ; -0.074     ; 2.027      ;
; -1.102 ; clockticks[7]  ; clockticks[2]  ; CLOCK_50     ; CLOCK_50    ; 1.000        ; -0.074     ; 2.027      ;
; -1.102 ; clockticks[7]  ; clockticks[0]  ; CLOCK_50     ; CLOCK_50    ; 1.000        ; -0.074     ; 2.027      ;
; -1.102 ; clockticks[7]  ; clockticks[1]  ; CLOCK_50     ; CLOCK_50    ; 1.000        ; -0.074     ; 2.027      ;
; -1.055 ; clockticks[8]  ; clockticks[3]  ; CLOCK_50     ; CLOCK_50    ; 1.000        ; -0.074     ; 1.980      ;
; -1.055 ; clockticks[8]  ; clockticks[5]  ; CLOCK_50     ; CLOCK_50    ; 1.000        ; -0.074     ; 1.980      ;
; -1.055 ; clockticks[8]  ; clockticks[6]  ; CLOCK_50     ; CLOCK_50    ; 1.000        ; -0.074     ; 1.980      ;
; -1.055 ; clockticks[8]  ; clockticks[8]  ; CLOCK_50     ; CLOCK_50    ; 1.000        ; -0.074     ; 1.980      ;
; -1.055 ; clockticks[8]  ; clockticks[9]  ; CLOCK_50     ; CLOCK_50    ; 1.000        ; -0.074     ; 1.980      ;
; -1.055 ; clockticks[8]  ; clockticks[12] ; CLOCK_50     ; CLOCK_50    ; 1.000        ; -0.074     ; 1.980      ;
; -1.055 ; clockticks[8]  ; clockticks[7]  ; CLOCK_50     ; CLOCK_50    ; 1.000        ; -0.074     ; 1.980      ;
; -1.055 ; clockticks[8]  ; clockticks[4]  ; CLOCK_50     ; CLOCK_50    ; 1.000        ; -0.074     ; 1.980      ;
; -1.055 ; clockticks[8]  ; clockticks[2]  ; CLOCK_50     ; CLOCK_50    ; 1.000        ; -0.074     ; 1.980      ;
; -1.055 ; clockticks[8]  ; clockticks[0]  ; CLOCK_50     ; CLOCK_50    ; 1.000        ; -0.074     ; 1.980      ;
; -1.055 ; clockticks[8]  ; clockticks[1]  ; CLOCK_50     ; CLOCK_50    ; 1.000        ; -0.074     ; 1.980      ;
; -1.050 ; clockticks[11] ; clockticks[12] ; CLOCK_50     ; CLOCK_50    ; 1.000        ; -0.468     ; 1.581      ;
; -1.045 ; clockticks[4]  ; clockticks[11] ; CLOCK_50     ; CLOCK_50    ; 1.000        ; 0.305      ; 2.349      ;
; -1.045 ; clockticks[4]  ; clockticks[10] ; CLOCK_50     ; CLOCK_50    ; 1.000        ; 0.305      ; 2.349      ;
; -1.039 ; clockticks[6]  ; clockticks[11] ; CLOCK_50     ; CLOCK_50    ; 1.000        ; 0.305      ; 2.343      ;
; -1.039 ; clockticks[6]  ; clockticks[10] ; CLOCK_50     ; CLOCK_50    ; 1.000        ; 0.305      ; 2.343      ;
; -1.034 ; clockticks[2]  ; clockticks[12] ; CLOCK_50     ; CLOCK_50    ; 1.000        ; -0.074     ; 1.959      ;
; -1.023 ; clockticks[11] ; clockticks[3]  ; CLOCK_50     ; CLOCK_50    ; 1.000        ; -0.468     ; 1.554      ;
; -1.023 ; clockticks[11] ; clockticks[5]  ; CLOCK_50     ; CLOCK_50    ; 1.000        ; -0.468     ; 1.554      ;
+--------+----------------+----------------+--------------+-------------+--------------+------------+------------+


+---------------------------------------------------------------------------------------------------------------------------------------------------------------+
; Slow 1200mV 0C Model Hold: 'clock'                                                                                                                            ;
+-------+---------------------------------------+-----------------------------------------+--------------+-------------+--------------+------------+------------+
; Slack ; From Node                             ; To Node                                 ; Launch Clock ; Latch Clock ; Relationship ; Clock Skew ; Data Delay ;
+-------+---------------------------------------+-----------------------------------------+--------------+-------------+--------------+------------+------------+
; 0.355 ; phase_cnt[3]                          ; phase_cnt[3]                            ; clock        ; clock       ; 0.000        ; 0.071      ; 0.597      ;
; 0.355 ; phase_cnt[2]                          ; phase_cnt[2]                            ; clock        ; clock       ; 0.000        ; 0.071      ; 0.597      ;
; 0.355 ; phase_cnt[1]                          ; phase_cnt[1]                            ; clock        ; clock       ; 0.000        ; 0.071      ; 0.597      ;
; 0.366 ; phase_cnt[0]                          ; phase_cnt[0]                            ; clock        ; clock       ; 0.000        ; 0.071      ; 0.608      ;
; 0.394 ; phase_cnt[0]                          ; phase_cnt[2]                            ; clock        ; clock       ; 0.000        ; 0.071      ; 0.636      ;
; 0.394 ; phase_cnt[0]                          ; phase_cnt[1]                            ; clock        ; clock       ; 0.000        ; 0.071      ; 0.636      ;
; 0.395 ; phase_cnt[0]                          ; phase_cnt[3]                            ; clock        ; clock       ; 0.000        ; 0.071      ; 0.637      ;
; 0.396 ; pc:PC_IF|PC_out_reg[14]               ; pc:PC_IF|regis16:R_PC_in|R[15]          ; clock        ; clock       ; 0.000        ; 0.070      ; 0.637      ;
; 0.397 ; ex_mem:S_EX_MEM|ALU_R_MEM_reg[14]     ; mem_wb:S_MEM_WB|regis16:R_ALU_R|R[14]   ; clock        ; clock       ; 0.000        ; 0.071      ; 0.639      ;
; 0.397 ; data_memory:Data_Mem|read_reg[1]      ; mem_wb:S_MEM_WB|regis16:R_ReadData|R[1] ; clock        ; clock       ; 0.000        ; 0.071      ; 0.639      ;
; 0.397 ; pc:PC_IF|regis16:R_PC_in|R[5]         ; pc:PC_IF|PC_out_reg[5]                  ; clock        ; clock       ; 0.000        ; 0.070      ; 0.638      ;
; 0.397 ; pc:PC_IF|regis16:R_PC_in|R[3]         ; pc:PC_IF|PC_out_reg[3]                  ; clock        ; clock       ; 0.000        ; 0.071      ; 0.639      ;
; 0.398 ; ex_mem:S_EX_MEM|ALU_R_MEM_reg[15]     ; mem_wb:S_MEM_WB|regis16:R_ALU_R|R[15]   ; clock        ; clock       ; 0.000        ; 0.071      ; 0.640      ;
; 0.398 ; mem_wb:S_MEM_WB|regis16:R_ALU_R|R[12] ; mem_wb:S_MEM_WB|ALU_R_WB_reg[12]        ; clock        ; clock       ; 0.000        ; 0.070      ; 0.639      ;
; 0.398 ; mem_wb:S_MEM_WB|regis16:R_ALU_R|R[10] ; mem_wb:S_MEM_WB|ALU_R_WB_reg[10]        ; clock        ; clock       ; 0.000        ; 0.070      ; 0.639      ;
; 0.398 ; id_ex:S_ID_EX|regis16:R_RT|R[10]      ; id_ex:S_ID_EX|RT_Data_EX_reg[10]        ; clock        ; clock       ; 0.000        ; 0.070      ; 0.639      ;
; 0.398 ; mem_wb:S_MEM_WB|regis16:R_ALU_R|R[9]  ; mem_wb:S_MEM_WB|ALU_R_WB_reg[9]         ; clock        ; clock       ; 0.000        ; 0.070      ; 0.639      ;
; 0.398 ; ex_mem:S_EX_MEM|ALU_R_MEM_reg[8]      ; mem_wb:S_MEM_WB|regis16:R_ALU_R|R[8]    ; clock        ; clock       ; 0.000        ; 0.070      ; 0.639      ;
; 0.398 ; ex_mem:S_EX_MEM|ALU_R_MEM_reg[7]      ; mem_wb:S_MEM_WB|regis16:R_ALU_R|R[7]    ; clock        ; clock       ; 0.000        ; 0.070      ; 0.639      ;
; 0.398 ; ex_mem:S_EX_MEM|ALU_R_MEM_reg[6]      ; mem_wb:S_MEM_WB|regis16:R_ALU_R|R[6]    ; clock        ; clock       ; 0.000        ; 0.070      ; 0.639      ;
; 0.398 ; ex_mem:S_EX_MEM|ALU_R_MEM_reg[5]      ; mem_wb:S_MEM_WB|regis16:R_ALU_R|R[5]    ; clock        ; clock       ; 0.000        ; 0.070      ; 0.639      ;
; 0.398 ; data_memory:Data_Mem|read_reg[0]      ; mem_wb:S_MEM_WB|regis16:R_ReadData|R[0] ; clock        ; clock       ; 0.000        ; 0.071      ; 0.640      ;
; 0.398 ; data_memory:Data_Mem|read_reg[4]      ; mem_wb:S_MEM_WB|regis16:R_ReadData|R[4] ; clock        ; clock       ; 0.000        ; 0.071      ; 0.640      ;
; 0.398 ; id_ex:S_ID_EX|WB_out_reg[1]           ; ex_mem:S_EX_MEM|regis4:R_WB_in|R[1]     ; clock        ; clock       ; 0.000        ; 0.070      ; 0.639      ;
; 0.398 ; id_ex:S_ID_EX|regis4:R_EX_in|R[0]     ; id_ex:S_ID_EX|EX_out_reg[0]             ; clock        ; clock       ; 0.000        ; 0.070      ; 0.639      ;
; 0.398 ; pc:PC_IF|regis16:R_PC_in|R[10]        ; pc:PC_IF|PC_out_reg[10]                 ; clock        ; clock       ; 0.000        ; 0.070      ; 0.639      ;
; 0.398 ; pc:PC_IF|regis16:R_PC_in|R[2]         ; pc:PC_IF|PC_out_reg[2]                  ; clock        ; clock       ; 0.000        ; 0.071      ; 0.640      ;
; 0.399 ; mem_wb:S_MEM_WB|regis16:R_ALU_R|R[8]  ; mem_wb:S_MEM_WB|ALU_R_WB_reg[8]         ; clock        ; clock       ; 0.000        ; 0.070      ; 0.640      ;
; 0.399 ; ex_mem:S_EX_MEM|WB_out_reg[1]         ; mem_wb:S_MEM_WB|regis4:R_WB_in|R[1]     ; clock        ; clock       ; 0.000        ; 0.070      ; 0.640      ;
; 0.399 ; ex_mem:S_EX_MEM|regis4:R_WB_in|R[1]   ; ex_mem:S_EX_MEM|WB_out_reg[1]           ; clock        ; clock       ; 0.000        ; 0.070      ; 0.640      ;
; 0.399 ; id_ex:S_ID_EX|regis4:R_WB_in|R[1]     ; id_ex:S_ID_EX|WB_out_reg[1]             ; clock        ; clock       ; 0.000        ; 0.070      ; 0.640      ;
; 0.399 ; mem_wb:S_MEM_WB|regis16:R_ALU_R|R[1]  ; mem_wb:S_MEM_WB|ALU_R_WB_reg[1]         ; clock        ; clock       ; 0.000        ; 0.070      ; 0.640      ;
; 0.399 ; if_id:S_IF_ID|regis16:R_Inst_IF|R[1]  ; if_id:S_IF_ID|Inst_ID_reg[1]            ; clock        ; clock       ; 0.000        ; 0.071      ; 0.641      ;
; 0.400 ; data_memory:Data_Mem|read_reg[2]      ; mem_wb:S_MEM_WB|regis16:R_ReadData|R[2] ; clock        ; clock       ; 0.000        ; 0.071      ; 0.642      ;
; 0.400 ; pc:PC_IF|regis16:R_PC_in|R[12]        ; pc:PC_IF|PC_out_reg[12]                 ; clock        ; clock       ; 0.000        ; 0.070      ; 0.641      ;
; 0.402 ; mem_wb:S_MEM_WB|regis16:R_ALU_R|R[13] ; mem_wb:S_MEM_WB|ALU_R_WB_reg[13]        ; clock        ; clock       ; 0.000        ; 0.070      ; 0.643      ;
; 0.413 ; pc:PC_IF|PC_out_reg[12]               ; pc:PC_IF|regis16:R_PC_in|R[13]          ; clock        ; clock       ; 0.000        ; 0.070      ; 0.654      ;
; 0.417 ; pc:PC_IF|PC_out_reg[12]               ; pc:PC_IF|regis16:R_PC_in|R[12]          ; clock        ; clock       ; 0.000        ; 0.070      ; 0.658      ;
; 0.422 ; ex_mem:S_EX_MEM|ALU_R_MEM_reg[0]      ; mem_wb:S_MEM_WB|regis16:R_ALU_R|R[0]    ; clock        ; clock       ; 0.000        ; 0.070      ; 0.663      ;
; 0.424 ; ex_mem:S_EX_MEM|ALU_R_MEM_reg[1]      ; mem_wb:S_MEM_WB|regis16:R_ALU_R|R[1]    ; clock        ; clock       ; 0.000        ; 0.070      ; 0.665      ;
; 0.533 ; pc:PC_IF|PC_out_reg[3]                ; pc:PC_IF|regis16:R_PC_in|R[3]           ; clock        ; clock       ; 0.000        ; 0.071      ; 0.775      ;
; 0.534 ; pc:PC_IF|PC_out_reg[5]                ; pc:PC_IF|regis16:R_PC_in|R[5]           ; clock        ; clock       ; 0.000        ; 0.070      ; 0.775      ;
; 0.536 ; pc:PC_IF|PC_out_reg[3]                ; pc:PC_IF|regis16:R_PC_in|R[4]           ; clock        ; clock       ; 0.000        ; 0.071      ; 0.778      ;
; 0.536 ; pc:PC_IF|PC_out_reg[1]                ; pc:PC_IF|regis16:R_PC_in|R[2]           ; clock        ; clock       ; 0.000        ; 0.071      ; 0.778      ;
; 0.537 ; pc:PC_IF|PC_out_reg[5]                ; pc:PC_IF|regis16:R_PC_in|R[6]           ; clock        ; clock       ; 0.000        ; 0.070      ; 0.778      ;
; 0.539 ; pc:PC_IF|PC_out_reg[5]                ; pc:PC_IF|regis16:R_PC_in|R[7]           ; clock        ; clock       ; 0.000        ; 0.070      ; 0.780      ;
; 0.542 ; ex_mem:S_EX_MEM|regis16:R_ALU_R|R[4]  ; ex_mem:S_EX_MEM|ALU_R_MEM_reg[4]        ; clock        ; clock       ; 0.000        ; 0.071      ; 0.784      ;
; 0.542 ; pc:PC_IF|PC_out_reg[1]                ; pc:PC_IF|regis16:R_PC_in|R[1]           ; clock        ; clock       ; 0.000        ; 0.071      ; 0.784      ;
; 0.543 ; mem_wb:S_MEM_WB|regis4:R_RW|R[1]      ; mem_wb:S_MEM_WB|RW_WB_reg[1]            ; clock        ; clock       ; 0.000        ; 0.072      ; 0.786      ;
; 0.548 ; id_ex:S_ID_EX|regis16:R_RT|R[5]       ; id_ex:S_ID_EX|RT_Data_EX_reg[5]         ; clock        ; clock       ; 0.000        ; 0.071      ; 0.790      ;
; 0.549 ; id_ex:S_ID_EX|regis16:R_RT|R[9]       ; id_ex:S_ID_EX|RT_Data_EX_reg[9]         ; clock        ; clock       ; 0.000        ; 0.070      ; 0.790      ;
; 0.550 ; id_ex:S_ID_EX|regis16:R_RT|R[12]      ; id_ex:S_ID_EX|RT_Data_EX_reg[12]        ; clock        ; clock       ; 0.000        ; 0.070      ; 0.791      ;
; 0.550 ; mem_wb:S_MEM_WB|regis16:R_ALU_R|R[11] ; mem_wb:S_MEM_WB|ALU_R_WB_reg[11]        ; clock        ; clock       ; 0.000        ; 0.070      ; 0.791      ;
; 0.550 ; id_ex:S_ID_EX|regis16:R_RT|R[8]       ; id_ex:S_ID_EX|RT_Data_EX_reg[8]         ; clock        ; clock       ; 0.000        ; 0.071      ; 0.792      ;
; 0.550 ; id_ex:S_ID_EX|regis16:R_RT|R[6]       ; id_ex:S_ID_EX|RT_Data_EX_reg[6]         ; clock        ; clock       ; 0.000        ; 0.071      ; 0.792      ;
; 0.550 ; data_memory:Data_Mem|read_reg[3]      ; mem_wb:S_MEM_WB|regis16:R_ReadData|R[3] ; clock        ; clock       ; 0.000        ; 0.071      ; 0.792      ;
; 0.550 ; ex_mem:S_EX_MEM|regis4:R_RW|R[2]      ; ex_mem:S_EX_MEM|RW_MEM_reg[2]           ; clock        ; clock       ; 0.000        ; 0.070      ; 0.791      ;
; 0.550 ; pc:PC_IF|regis16:R_PC_in|R[15]        ; pc:PC_IF|PC_out_reg[15]                 ; clock        ; clock       ; 0.000        ; 0.070      ; 0.791      ;
; 0.550 ; pc:PC_IF|regis16:R_PC_in|R[14]        ; pc:PC_IF|PC_out_reg[14]                 ; clock        ; clock       ; 0.000        ; 0.070      ; 0.791      ;
; 0.550 ; pc:PC_IF|regis16:R_PC_in|R[11]        ; pc:PC_IF|PC_out_reg[11]                 ; clock        ; clock       ; 0.000        ; 0.070      ; 0.791      ;
; 0.550 ; pc:PC_IF|regis16:R_PC_in|R[9]         ; pc:PC_IF|PC_out_reg[9]                  ; clock        ; clock       ; 0.000        ; 0.070      ; 0.791      ;
; 0.550 ; pc:PC_IF|regis16:R_PC_in|R[1]         ; pc:PC_IF|PC_out_reg[1]                  ; clock        ; clock       ; 0.000        ; 0.071      ; 0.792      ;
; 0.551 ; id_ex:S_ID_EX|regis16:R_RT|R[14]      ; id_ex:S_ID_EX|RT_Data_EX_reg[14]        ; clock        ; clock       ; 0.000        ; 0.070      ; 0.792      ;
; 0.551 ; id_ex:S_ID_EX|regis16:R_RT|R[13]      ; id_ex:S_ID_EX|RT_Data_EX_reg[13]        ; clock        ; clock       ; 0.000        ; 0.070      ; 0.792      ;
; 0.551 ; ex_mem:S_EX_MEM|regis4:R_M_in|R[1]    ; ex_mem:S_EX_MEM|M_out_reg[1]            ; clock        ; clock       ; 0.000        ; 0.070      ; 0.792      ;
; 0.551 ; if_id:S_IF_ID|Inst_ID_reg[13]         ; id_ex:S_ID_EX|regis4:R_EX_in|R[1]       ; clock        ; clock       ; 0.000        ; 0.071      ; 0.793      ;
; 0.552 ; ex_mem:S_EX_MEM|regis16:R_ALU_R|R[8]  ; ex_mem:S_EX_MEM|ALU_R_MEM_reg[8]        ; clock        ; clock       ; 0.000        ; 0.070      ; 0.793      ;
; 0.552 ; mem_wb:S_MEM_WB|regis16:R_ALU_R|R[0]  ; mem_wb:S_MEM_WB|ALU_R_WB_reg[0]         ; clock        ; clock       ; 0.000        ; 0.070      ; 0.793      ;
; 0.552 ; if_id:S_IF_ID|Inst_ID_reg[13]         ; id_ex:S_ID_EX|regis4:R_EX_in|R[0]       ; clock        ; clock       ; 0.000        ; 0.071      ; 0.794      ;
; 0.553 ; ex_mem:S_EX_MEM|regis16:R_ALU_R|R[0]  ; ex_mem:S_EX_MEM|ALU_R_MEM_reg[0]        ; clock        ; clock       ; 0.000        ; 0.070      ; 0.794      ;
; 0.553 ; pc:PC_IF|regis16:R_PC_in|R[13]        ; pc:PC_IF|PC_out_reg[13]                 ; clock        ; clock       ; 0.000        ; 0.070      ; 0.794      ;
; 0.555 ; ex_mem:S_EX_MEM|regis16:R_ALU_R|R[10] ; ex_mem:S_EX_MEM|ALU_R_MEM_reg[10]       ; clock        ; clock       ; 0.000        ; 0.070      ; 0.796      ;
; 0.555 ; ex_mem:S_EX_MEM|regis16:R_ALU_R|R[9]  ; ex_mem:S_EX_MEM|ALU_R_MEM_reg[9]        ; clock        ; clock       ; 0.000        ; 0.070      ; 0.796      ;
; 0.558 ; ex_mem:S_EX_MEM|ALU_R_MEM_reg[13]     ; mem_wb:S_MEM_WB|regis16:R_ALU_R|R[13]   ; clock        ; clock       ; 0.000        ; 0.069      ; 0.798      ;
; 0.558 ; ex_mem:S_EX_MEM|regis16:R_ALU_R|R[11] ; ex_mem:S_EX_MEM|ALU_R_MEM_reg[11]       ; clock        ; clock       ; 0.000        ; 0.070      ; 0.799      ;
; 0.558 ; if_id:S_IF_ID|regis16:R_Inst_IF|R[13] ; if_id:S_IF_ID|Inst_ID_reg[13]           ; clock        ; clock       ; 0.000        ; 0.072      ; 0.801      ;
; 0.560 ; mem_wb:S_MEM_WB|regis4:R_RW|R[0]      ; mem_wb:S_MEM_WB|RW_WB_reg[0]            ; clock        ; clock       ; 0.000        ; 0.072      ; 0.803      ;
; 0.561 ; id_ex:S_ID_EX|regis16:R_RT|R[11]      ; id_ex:S_ID_EX|RT_Data_EX_reg[11]        ; clock        ; clock       ; 0.000        ; 0.071      ; 0.803      ;
; 0.561 ; id_ex:S_ID_EX|Src_A_reg[0]            ; ex_mem:S_EX_MEM|regis16:R_ALU_R|R[0]    ; clock        ; clock       ; 0.000        ; 0.071      ; 0.803      ;
; 0.563 ; if_id:S_IF_ID|regis16:R_Inst_IF|R[2]  ; if_id:S_IF_ID|Inst_ID_reg[2]            ; clock        ; clock       ; 0.000        ; 0.072      ; 0.806      ;
; 0.572 ; id_ex:S_ID_EX|regis16:R_RS|R[15]      ; id_ex:S_ID_EX|Src_A_reg[15]             ; clock        ; clock       ; 0.000        ; 0.070      ; 0.813      ;
; 0.572 ; mem_wb:S_MEM_WB|regis16:R_ALU_R|R[3]  ; mem_wb:S_MEM_WB|ALU_R_WB_reg[3]         ; clock        ; clock       ; 0.000        ; 0.070      ; 0.813      ;
; 0.573 ; ex_mem:S_EX_MEM|ALU_R_MEM_reg[9]      ; mem_wb:S_MEM_WB|regis16:R_ALU_R|R[9]    ; clock        ; clock       ; 0.000        ; 0.069      ; 0.813      ;
; 0.576 ; ex_mem:S_EX_MEM|regis16:R_ALU_R|R[13] ; ex_mem:S_EX_MEM|ALU_R_MEM_reg[13]       ; clock        ; clock       ; 0.000        ; 0.070      ; 0.817      ;
; 0.576 ; ex_mem:S_EX_MEM|regis16:R_ALU_R|R[5]  ; ex_mem:S_EX_MEM|ALU_R_MEM_reg[5]        ; clock        ; clock       ; 0.000        ; 0.070      ; 0.817      ;
; 0.576 ; ex_mem:S_EX_MEM|regis4:R_RW|R[0]      ; ex_mem:S_EX_MEM|RW_MEM_reg[0]           ; clock        ; clock       ; 0.000        ; 0.069      ; 0.816      ;
; 0.577 ; pc:PC_IF|PC_out_reg[3]                ; if_id:S_IF_ID|regis16:R_Inst_IF|R[1]    ; clock        ; clock       ; 0.000        ; 0.071      ; 0.819      ;
; 0.590 ; phase_cnt[1]                          ; phase_cnt[2]                            ; clock        ; clock       ; 0.000        ; 0.071      ; 0.832      ;
; 0.591 ; pc:PC_IF|PC_out_reg[3]                ; if_id:S_IF_ID|regis16:R_Inst_IF|R[2]    ; clock        ; clock       ; 0.000        ; 0.071      ; 0.833      ;
; 0.591 ; phase_cnt[1]                          ; phase_cnt[3]                            ; clock        ; clock       ; 0.000        ; 0.071      ; 0.833      ;
; 0.601 ; phase_cnt[2]                          ; phase_cnt[3]                            ; clock        ; clock       ; 0.000        ; 0.071      ; 0.843      ;
; 0.606 ; pc:PC_IF|PC_out_reg[13]               ; pc:PC_IF|regis16:R_PC_in|R[13]          ; clock        ; clock       ; 0.000        ; 0.070      ; 0.847      ;
; 0.611 ; pc:PC_IF|PC_out_reg[10]               ; pc:PC_IF|regis16:R_PC_in|R[10]          ; clock        ; clock       ; 0.000        ; 0.070      ; 0.852      ;
; 0.624 ; pc:PC_IF|PC_out_reg[14]               ; pc:PC_IF|regis16:R_PC_in|R[14]          ; clock        ; clock       ; 0.000        ; 0.070      ; 0.865      ;
; 0.634 ; pc:PC_IF|PC_out_reg[1]                ; pc:PC_IF|regis16:R_PC_in|R[3]           ; clock        ; clock       ; 0.000        ; 0.071      ; 0.876      ;
; 0.639 ; pc:PC_IF|PC_out_reg[2]                ; pc:PC_IF|regis16:R_PC_in|R[3]           ; clock        ; clock       ; 0.000        ; 0.071      ; 0.881      ;
; 0.641 ; pc:PC_IF|PC_out_reg[2]                ; pc:PC_IF|regis16:R_PC_in|R[2]           ; clock        ; clock       ; 0.000        ; 0.071      ; 0.883      ;
; 0.656 ; pc:PC_IF|PC_out_reg[2]                ; if_id:S_IF_ID|regis16:R_Inst_IF|R[2]    ; clock        ; clock       ; 0.000        ; 0.071      ; 0.898      ;
; 0.658 ; registers:S_Registers|regs[2][2]      ; id_ex:S_ID_EX|regis16:R_RS|R[2]         ; clock        ; clock       ; 0.000        ; 0.071      ; 0.900      ;
; 0.659 ; registers:S_Registers|regs[2][5]      ; id_ex:S_ID_EX|regis16:R_RS|R[5]         ; clock        ; clock       ; 0.000        ; 0.071      ; 0.901      ;
+-------+---------------------------------------+-----------------------------------------+--------------+-------------+--------------+------------+------------+


+---------------------------------------------------------------------------------------------------------------+
; Slow 1200mV 0C Model Hold: 'CLOCK_50'                                                                         ;
+-------+----------------+----------------+--------------+-------------+--------------+------------+------------+
; Slack ; From Node      ; To Node        ; Launch Clock ; Latch Clock ; Relationship ; Clock Skew ; Data Delay ;
+-------+----------------+----------------+--------------+-------------+--------------+------------+------------+
; 0.397 ; clockticks[12] ; clockticks[12] ; CLOCK_50     ; CLOCK_50    ; 0.000        ; 0.074      ; 0.642      ;
; 0.497 ; clockticks[9]  ; clockticks[10] ; CLOCK_50     ; CLOCK_50    ; 0.000        ; 0.468      ; 1.136      ;
; 0.508 ; clockticks[8]  ; clockticks[10] ; CLOCK_50     ; CLOCK_50    ; 0.000        ; 0.468      ; 1.147      ;
; 0.577 ; clockticks[1]  ; clockticks[1]  ; CLOCK_50     ; CLOCK_50    ; 0.000        ; 0.074      ; 0.822      ;
; 0.590 ; clockticks[11] ; clockticks[11] ; CLOCK_50     ; CLOCK_50    ; 0.000        ; 0.089      ; 0.850      ;
; 0.595 ; clockticks[10] ; clockticks[10] ; CLOCK_50     ; CLOCK_50    ; 0.000        ; 0.089      ; 0.855      ;
; 0.596 ; clockticks[9]  ; clockticks[11] ; CLOCK_50     ; CLOCK_50    ; 0.000        ; 0.468      ; 1.235      ;
; 0.603 ; clockticks[8]  ; clockticks[8]  ; CLOCK_50     ; CLOCK_50    ; 0.000        ; 0.074      ; 0.848      ;
; 0.603 ; clockticks[2]  ; clockticks[2]  ; CLOCK_50     ; CLOCK_50    ; 0.000        ; 0.074      ; 0.848      ;
; 0.603 ; clockticks[0]  ; clockticks[0]  ; CLOCK_50     ; CLOCK_50    ; 0.000        ; 0.074      ; 0.848      ;
; 0.604 ; clockticks[3]  ; clockticks[3]  ; CLOCK_50     ; CLOCK_50    ; 0.000        ; 0.074      ; 0.849      ;
; 0.605 ; clockticks[9]  ; clockticks[9]  ; CLOCK_50     ; CLOCK_50    ; 0.000        ; 0.074      ; 0.850      ;
; 0.607 ; clockticks[4]  ; clockticks[4]  ; CLOCK_50     ; CLOCK_50    ; 0.000        ; 0.074      ; 0.852      ;
; 0.607 ; clockticks[8]  ; clockticks[11] ; CLOCK_50     ; CLOCK_50    ; 0.000        ; 0.468      ; 1.246      ;
; 0.608 ; clockticks[5]  ; clockticks[5]  ; CLOCK_50     ; CLOCK_50    ; 0.000        ; 0.074      ; 0.853      ;
; 0.608 ; clockticks[7]  ; clockticks[7]  ; CLOCK_50     ; CLOCK_50    ; 0.000        ; 0.074      ; 0.853      ;
; 0.610 ; clockticks[6]  ; clockticks[6]  ; CLOCK_50     ; CLOCK_50    ; 0.000        ; 0.074      ; 0.855      ;
; 0.611 ; clockticks[7]  ; clockticks[10] ; CLOCK_50     ; CLOCK_50    ; 0.000        ; 0.468      ; 1.250      ;
; 0.625 ; clockticks[6]  ; clockticks[10] ; CLOCK_50     ; CLOCK_50    ; 0.000        ; 0.468      ; 1.264      ;
; 0.710 ; clockticks[7]  ; clockticks[11] ; CLOCK_50     ; CLOCK_50    ; 0.000        ; 0.468      ; 1.349      ;
; 0.721 ; clockticks[5]  ; clockticks[10] ; CLOCK_50     ; CLOCK_50    ; 0.000        ; 0.468      ; 1.360      ;
; 0.724 ; clockticks[6]  ; clockticks[11] ; CLOCK_50     ; CLOCK_50    ; 0.000        ; 0.468      ; 1.363      ;
; 0.732 ; clockticks[4]  ; clockticks[10] ; CLOCK_50     ; CLOCK_50    ; 0.000        ; 0.468      ; 1.371      ;
; 0.772 ; clockticks[12] ; clock          ; CLOCK_50     ; CLOCK_50    ; 0.000        ; 0.075      ; 1.018      ;
; 0.820 ; clockticks[5]  ; clockticks[11] ; CLOCK_50     ; CLOCK_50    ; 0.000        ; 0.468      ; 1.459      ;
; 0.826 ; clockticks[3]  ; clockticks[10] ; CLOCK_50     ; CLOCK_50    ; 0.000        ; 0.468      ; 1.465      ;
; 0.831 ; clockticks[4]  ; clockticks[11] ; CLOCK_50     ; CLOCK_50    ; 0.000        ; 0.468      ; 1.470      ;
; 0.838 ; clockticks[2]  ; clockticks[10] ; CLOCK_50     ; CLOCK_50    ; 0.000        ; 0.468      ; 1.477      ;
; 0.863 ; clockticks[1]  ; clockticks[2]  ; CLOCK_50     ; CLOCK_50    ; 0.000        ; 0.074      ; 1.108      ;
; 0.870 ; clockticks[0]  ; clockticks[1]  ; CLOCK_50     ; CLOCK_50    ; 0.000        ; 0.074      ; 1.115      ;
; 0.881 ; clockticks[0]  ; clockticks[2]  ; CLOCK_50     ; CLOCK_50    ; 0.000        ; 0.074      ; 1.126      ;
; 0.883 ; clockticks[10] ; clockticks[11] ; CLOCK_50     ; CLOCK_50    ; 0.000        ; 0.089      ; 1.143      ;
; 0.890 ; clockticks[3]  ; clockticks[4]  ; CLOCK_50     ; CLOCK_50    ; 0.000        ; 0.074      ; 1.135      ;
; 0.891 ; clockticks[2]  ; clockticks[3]  ; CLOCK_50     ; CLOCK_50    ; 0.000        ; 0.074      ; 1.136      ;
; 0.891 ; clockticks[8]  ; clockticks[9]  ; CLOCK_50     ; CLOCK_50    ; 0.000        ; 0.074      ; 1.136      ;
; 0.895 ; clockticks[7]  ; clockticks[8]  ; CLOCK_50     ; CLOCK_50    ; 0.000        ; 0.074      ; 1.140      ;
; 0.895 ; clockticks[5]  ; clockticks[6]  ; CLOCK_50     ; CLOCK_50    ; 0.000        ; 0.074      ; 1.140      ;
; 0.895 ; clockticks[4]  ; clockticks[5]  ; CLOCK_50     ; CLOCK_50    ; 0.000        ; 0.074      ; 1.140      ;
; 0.898 ; clockticks[6]  ; clockticks[7]  ; CLOCK_50     ; CLOCK_50    ; 0.000        ; 0.074      ; 1.143      ;
; 0.902 ; clockticks[2]  ; clockticks[4]  ; CLOCK_50     ; CLOCK_50    ; 0.000        ; 0.074      ; 1.147      ;
; 0.906 ; clockticks[4]  ; clockticks[6]  ; CLOCK_50     ; CLOCK_50    ; 0.000        ; 0.074      ; 1.151      ;
; 0.909 ; clockticks[1]  ; clockticks[10] ; CLOCK_50     ; CLOCK_50    ; 0.000        ; 0.468      ; 1.548      ;
; 0.909 ; clockticks[6]  ; clockticks[8]  ; CLOCK_50     ; CLOCK_50    ; 0.000        ; 0.074      ; 1.154      ;
; 0.925 ; clockticks[3]  ; clockticks[11] ; CLOCK_50     ; CLOCK_50    ; 0.000        ; 0.468      ; 1.564      ;
; 0.927 ; clockticks[0]  ; clockticks[10] ; CLOCK_50     ; CLOCK_50    ; 0.000        ; 0.468      ; 1.566      ;
; 0.937 ; clockticks[2]  ; clockticks[11] ; CLOCK_50     ; CLOCK_50    ; 0.000        ; 0.468      ; 1.576      ;
; 0.962 ; clockticks[1]  ; clockticks[3]  ; CLOCK_50     ; CLOCK_50    ; 0.000        ; 0.074      ; 1.207      ;
; 0.973 ; clockticks[1]  ; clockticks[4]  ; CLOCK_50     ; CLOCK_50    ; 0.000        ; 0.074      ; 1.218      ;
; 0.980 ; clockticks[0]  ; clockticks[3]  ; CLOCK_50     ; CLOCK_50    ; 0.000        ; 0.074      ; 1.225      ;
; 0.989 ; clockticks[3]  ; clockticks[5]  ; CLOCK_50     ; CLOCK_50    ; 0.000        ; 0.074      ; 1.234      ;
; 0.991 ; clockticks[0]  ; clockticks[4]  ; CLOCK_50     ; CLOCK_50    ; 0.000        ; 0.074      ; 1.236      ;
; 0.994 ; clockticks[7]  ; clockticks[9]  ; CLOCK_50     ; CLOCK_50    ; 0.000        ; 0.074      ; 1.239      ;
; 0.994 ; clockticks[5]  ; clockticks[7]  ; CLOCK_50     ; CLOCK_50    ; 0.000        ; 0.074      ; 1.239      ;
; 1.000 ; clockticks[3]  ; clockticks[6]  ; CLOCK_50     ; CLOCK_50    ; 0.000        ; 0.074      ; 1.245      ;
; 1.001 ; clockticks[9]  ; clockticks[12] ; CLOCK_50     ; CLOCK_50    ; 0.000        ; 0.074      ; 1.246      ;
; 1.001 ; clockticks[2]  ; clockticks[5]  ; CLOCK_50     ; CLOCK_50    ; 0.000        ; 0.074      ; 1.246      ;
; 1.004 ; clockticks[8]  ; clock          ; CLOCK_50     ; CLOCK_50    ; 0.000        ; 0.075      ; 1.250      ;
; 1.005 ; clockticks[5]  ; clockticks[8]  ; CLOCK_50     ; CLOCK_50    ; 0.000        ; 0.074      ; 1.250      ;
; 1.005 ; clockticks[4]  ; clockticks[7]  ; CLOCK_50     ; CLOCK_50    ; 0.000        ; 0.074      ; 1.250      ;
; 1.008 ; clockticks[1]  ; clockticks[11] ; CLOCK_50     ; CLOCK_50    ; 0.000        ; 0.468      ; 1.647      ;
; 1.008 ; clockticks[6]  ; clockticks[9]  ; CLOCK_50     ; CLOCK_50    ; 0.000        ; 0.074      ; 1.253      ;
; 1.012 ; clockticks[2]  ; clockticks[6]  ; CLOCK_50     ; CLOCK_50    ; 0.000        ; 0.074      ; 1.257      ;
; 1.012 ; clockticks[8]  ; clockticks[12] ; CLOCK_50     ; CLOCK_50    ; 0.000        ; 0.074      ; 1.257      ;
; 1.016 ; clockticks[4]  ; clockticks[8]  ; CLOCK_50     ; CLOCK_50    ; 0.000        ; 0.074      ; 1.261      ;
; 1.019 ; clockticks[9]  ; clock          ; CLOCK_50     ; CLOCK_50    ; 0.000        ; 0.075      ; 1.265      ;
; 1.026 ; clockticks[0]  ; clockticks[11] ; CLOCK_50     ; CLOCK_50    ; 0.000        ; 0.468      ; 1.665      ;
; 1.031 ; clockticks[12] ; clockticks[11] ; CLOCK_50     ; CLOCK_50    ; 0.000        ; 0.468      ; 1.670      ;
; 1.031 ; clockticks[12] ; clockticks[10] ; CLOCK_50     ; CLOCK_50    ; 0.000        ; 0.468      ; 1.670      ;
; 1.072 ; clockticks[1]  ; clockticks[5]  ; CLOCK_50     ; CLOCK_50    ; 0.000        ; 0.074      ; 1.317      ;
; 1.083 ; clockticks[1]  ; clockticks[6]  ; CLOCK_50     ; CLOCK_50    ; 0.000        ; 0.074      ; 1.328      ;
; 1.090 ; clockticks[0]  ; clockticks[5]  ; CLOCK_50     ; CLOCK_50    ; 0.000        ; 0.074      ; 1.335      ;
; 1.099 ; clockticks[3]  ; clockticks[7]  ; CLOCK_50     ; CLOCK_50    ; 0.000        ; 0.074      ; 1.344      ;
; 1.101 ; clockticks[0]  ; clockticks[6]  ; CLOCK_50     ; CLOCK_50    ; 0.000        ; 0.074      ; 1.346      ;
; 1.104 ; clockticks[5]  ; clockticks[9]  ; CLOCK_50     ; CLOCK_50    ; 0.000        ; 0.074      ; 1.349      ;
; 1.110 ; clockticks[3]  ; clockticks[8]  ; CLOCK_50     ; CLOCK_50    ; 0.000        ; 0.074      ; 1.355      ;
; 1.111 ; clockticks[2]  ; clockticks[7]  ; CLOCK_50     ; CLOCK_50    ; 0.000        ; 0.074      ; 1.356      ;
; 1.115 ; clockticks[7]  ; clockticks[12] ; CLOCK_50     ; CLOCK_50    ; 0.000        ; 0.074      ; 1.360      ;
; 1.115 ; clockticks[4]  ; clockticks[9]  ; CLOCK_50     ; CLOCK_50    ; 0.000        ; 0.074      ; 1.360      ;
; 1.122 ; clockticks[2]  ; clockticks[8]  ; CLOCK_50     ; CLOCK_50    ; 0.000        ; 0.074      ; 1.367      ;
; 1.129 ; clockticks[6]  ; clockticks[12] ; CLOCK_50     ; CLOCK_50    ; 0.000        ; 0.074      ; 1.374      ;
; 1.174 ; clockticks[11] ; clockticks[10] ; CLOCK_50     ; CLOCK_50    ; 0.000        ; 0.089      ; 1.434      ;
; 1.182 ; clockticks[1]  ; clockticks[7]  ; CLOCK_50     ; CLOCK_50    ; 0.000        ; 0.074      ; 1.427      ;
; 1.186 ; clockticks[7]  ; clock          ; CLOCK_50     ; CLOCK_50    ; 0.000        ; 0.075      ; 1.432      ;
; 1.193 ; clockticks[1]  ; clockticks[8]  ; CLOCK_50     ; CLOCK_50    ; 0.000        ; 0.074      ; 1.438      ;
; 1.200 ; clockticks[0]  ; clockticks[7]  ; CLOCK_50     ; CLOCK_50    ; 0.000        ; 0.074      ; 1.445      ;
; 1.209 ; clockticks[3]  ; clockticks[9]  ; CLOCK_50     ; CLOCK_50    ; 0.000        ; 0.074      ; 1.454      ;
; 1.211 ; clockticks[0]  ; clockticks[8]  ; CLOCK_50     ; CLOCK_50    ; 0.000        ; 0.074      ; 1.456      ;
; 1.221 ; clockticks[2]  ; clockticks[9]  ; CLOCK_50     ; CLOCK_50    ; 0.000        ; 0.074      ; 1.466      ;
; 1.225 ; clockticks[5]  ; clockticks[12] ; CLOCK_50     ; CLOCK_50    ; 0.000        ; 0.074      ; 1.470      ;
; 1.236 ; clockticks[4]  ; clockticks[12] ; CLOCK_50     ; CLOCK_50    ; 0.000        ; 0.074      ; 1.481      ;
; 1.270 ; clockticks[11] ; clockticks[12] ; CLOCK_50     ; CLOCK_50    ; 0.000        ; -0.305     ; 1.136      ;
; 1.288 ; clockticks[10] ; clockticks[12] ; CLOCK_50     ; CLOCK_50    ; 0.000        ; -0.305     ; 1.154      ;
; 1.292 ; clockticks[1]  ; clockticks[9]  ; CLOCK_50     ; CLOCK_50    ; 0.000        ; 0.074      ; 1.537      ;
; 1.304 ; clockticks[3]  ; clock          ; CLOCK_50     ; CLOCK_50    ; 0.000        ; 0.075      ; 1.550      ;
; 1.310 ; clockticks[0]  ; clockticks[9]  ; CLOCK_50     ; CLOCK_50    ; 0.000        ; 0.074      ; 1.555      ;
; 1.330 ; clockticks[3]  ; clockticks[12] ; CLOCK_50     ; CLOCK_50    ; 0.000        ; 0.074      ; 1.575      ;
; 1.342 ; clockticks[2]  ; clockticks[12] ; CLOCK_50     ; CLOCK_50    ; 0.000        ; 0.074      ; 1.587      ;
; 1.344 ; clockticks[6]  ; clock          ; CLOCK_50     ; CLOCK_50    ; 0.000        ; 0.075      ; 1.590      ;
; 1.366 ; clockticks[11] ; clock          ; CLOCK_50     ; CLOCK_50    ; 0.000        ; -0.304     ; 1.233      ;
; 1.413 ; clockticks[1]  ; clockticks[12] ; CLOCK_50     ; CLOCK_50    ; 0.000        ; 0.074      ; 1.658      ;
+-------+----------------+----------------+--------------+-------------+--------------+------------+------------+


----------------------------------------------
; Slow 1200mV 0C Model Metastability Summary ;
----------------------------------------------
No synchronizer chains to report.


+------------------------------------+
; Fast 1200mV 0C Model Setup Summary ;
+----------+--------+----------------+
; Clock    ; Slack  ; End Point TNS  ;
+----------+--------+----------------+
; clock    ; -3.115 ; -199.586       ;
; CLOCK_50 ; -0.241 ; -2.865         ;
+----------+--------+----------------+


+-----------------------------------+
; Fast 1200mV 0C Model Hold Summary ;
+----------+-------+----------------+
; Clock    ; Slack ; End Point TNS  ;
+----------+-------+----------------+
; clock    ; 0.182 ; 0.000          ;
; CLOCK_50 ; 0.198 ; 0.000          ;
+----------+-------+----------------+


-----------------------------------------
; Fast 1200mV 0C Model Recovery Summary ;
-----------------------------------------
No paths to report.


----------------------------------------
; Fast 1200mV 0C Model Removal Summary ;
----------------------------------------
No paths to report.


+--------------------------------------------------+
; Fast 1200mV 0C Model Minimum Pulse Width Summary ;
+----------+--------+------------------------------+
; Clock    ; Slack  ; End Point TNS                ;
+----------+--------+------------------------------+
; CLOCK_50 ; -3.000 ; -17.884                      ;
; clock    ; -1.000 ; -345.000                     ;
+----------+--------+------------------------------+


+---------------------------------------------------------------------------------------------------------------------------------------------------------+
; Fast 1200mV 0C Model Setup: 'clock'                                                                                                                     ;
+--------+----------------------------------+---------------------------------------+--------------+-------------+--------------+------------+------------+
; Slack  ; From Node                        ; To Node                               ; Launch Clock ; Latch Clock ; Relationship ; Clock Skew ; Data Delay ;
+--------+----------------------------------+---------------------------------------+--------------+-------------+--------------+------------+------------+
; -3.115 ; id_ex:S_ID_EX|EX_out_reg[1]      ; ex_mem:S_EX_MEM|regis16:R_ALU_R|R[15] ; clock        ; clock       ; 1.000        ; -0.040     ; 4.062      ;
; -3.035 ; id_ex:S_ID_EX|RD_EX_reg[0]       ; ex_mem:S_EX_MEM|regis16:R_ALU_R|R[15] ; clock        ; clock       ; 1.000        ; -0.040     ; 3.982      ;
; -2.955 ; id_ex:S_ID_EX|RT_Data_EX_reg[3]  ; ex_mem:S_EX_MEM|regis16:R_ALU_R|R[15] ; clock        ; clock       ; 1.000        ; -0.040     ; 3.902      ;
; -2.952 ; id_ex:S_ID_EX|RT_EX_reg[0]       ; ex_mem:S_EX_MEM|regis16:R_ALU_R|R[15] ; clock        ; clock       ; 1.000        ; -0.040     ; 3.899      ;
; -2.948 ; id_ex:S_ID_EX|RD_EX_reg[1]       ; ex_mem:S_EX_MEM|regis16:R_ALU_R|R[15] ; clock        ; clock       ; 1.000        ; -0.040     ; 3.895      ;
; -2.904 ; id_ex:S_ID_EX|RT_Data_EX_reg[0]  ; ex_mem:S_EX_MEM|regis16:R_ALU_R|R[15] ; clock        ; clock       ; 1.000        ; -0.040     ; 3.851      ;
; -2.869 ; id_ex:S_ID_EX|EX_out_reg[1]      ; ex_mem:S_EX_MEM|regis16:R_ALU_R|R[14] ; clock        ; clock       ; 1.000        ; -0.040     ; 3.816      ;
; -2.852 ; id_ex:S_ID_EX|EX_out_reg[1]      ; ex_mem:S_EX_MEM|regis16:R_ALU_R|R[13] ; clock        ; clock       ; 1.000        ; -0.040     ; 3.799      ;
; -2.851 ; id_ex:S_ID_EX|RT_Data_EX_reg[1]  ; ex_mem:S_EX_MEM|regis16:R_ALU_R|R[15] ; clock        ; clock       ; 1.000        ; -0.040     ; 3.798      ;
; -2.816 ; id_ex:S_ID_EX|EX_out_reg[1]      ; ex_mem:S_EX_MEM|regis16:R_ALU_R|R[11] ; clock        ; clock       ; 1.000        ; -0.040     ; 3.763      ;
; -2.789 ; id_ex:S_ID_EX|RD_EX_reg[0]       ; ex_mem:S_EX_MEM|regis16:R_ALU_R|R[14] ; clock        ; clock       ; 1.000        ; -0.040     ; 3.736      ;
; -2.772 ; id_ex:S_ID_EX|RD_EX_reg[0]       ; ex_mem:S_EX_MEM|regis16:R_ALU_R|R[13] ; clock        ; clock       ; 1.000        ; -0.040     ; 3.719      ;
; -2.768 ; id_ex:S_ID_EX|RT_Data_EX_reg[2]  ; ex_mem:S_EX_MEM|regis16:R_ALU_R|R[15] ; clock        ; clock       ; 1.000        ; -0.040     ; 3.715      ;
; -2.745 ; id_ex:S_ID_EX|RT_Data_EX_reg[4]  ; ex_mem:S_EX_MEM|regis16:R_ALU_R|R[15] ; clock        ; clock       ; 1.000        ; -0.040     ; 3.692      ;
; -2.736 ; id_ex:S_ID_EX|RD_EX_reg[0]       ; ex_mem:S_EX_MEM|regis16:R_ALU_R|R[11] ; clock        ; clock       ; 1.000        ; -0.040     ; 3.683      ;
; -2.712 ; id_ex:S_ID_EX|Src_A_reg[0]       ; ex_mem:S_EX_MEM|regis16:R_ALU_R|R[15] ; clock        ; clock       ; 1.000        ; -0.040     ; 3.659      ;
; -2.709 ; id_ex:S_ID_EX|RT_Data_EX_reg[3]  ; ex_mem:S_EX_MEM|regis16:R_ALU_R|R[14] ; clock        ; clock       ; 1.000        ; -0.040     ; 3.656      ;
; -2.706 ; id_ex:S_ID_EX|RT_EX_reg[0]       ; ex_mem:S_EX_MEM|regis16:R_ALU_R|R[14] ; clock        ; clock       ; 1.000        ; -0.040     ; 3.653      ;
; -2.702 ; id_ex:S_ID_EX|RD_EX_reg[1]       ; ex_mem:S_EX_MEM|regis16:R_ALU_R|R[14] ; clock        ; clock       ; 1.000        ; -0.040     ; 3.649      ;
; -2.692 ; id_ex:S_ID_EX|RT_Data_EX_reg[3]  ; ex_mem:S_EX_MEM|regis16:R_ALU_R|R[13] ; clock        ; clock       ; 1.000        ; -0.040     ; 3.639      ;
; -2.689 ; id_ex:S_ID_EX|RT_EX_reg[0]       ; ex_mem:S_EX_MEM|regis16:R_ALU_R|R[13] ; clock        ; clock       ; 1.000        ; -0.040     ; 3.636      ;
; -2.685 ; id_ex:S_ID_EX|RD_EX_reg[1]       ; ex_mem:S_EX_MEM|regis16:R_ALU_R|R[13] ; clock        ; clock       ; 1.000        ; -0.040     ; 3.632      ;
; -2.658 ; id_ex:S_ID_EX|RT_Data_EX_reg[0]  ; ex_mem:S_EX_MEM|regis16:R_ALU_R|R[14] ; clock        ; clock       ; 1.000        ; -0.040     ; 3.605      ;
; -2.656 ; id_ex:S_ID_EX|RT_Data_EX_reg[3]  ; ex_mem:S_EX_MEM|regis16:R_ALU_R|R[11] ; clock        ; clock       ; 1.000        ; -0.040     ; 3.603      ;
; -2.653 ; id_ex:S_ID_EX|RT_EX_reg[0]       ; ex_mem:S_EX_MEM|regis16:R_ALU_R|R[11] ; clock        ; clock       ; 1.000        ; -0.040     ; 3.600      ;
; -2.649 ; id_ex:S_ID_EX|RD_EX_reg[1]       ; ex_mem:S_EX_MEM|regis16:R_ALU_R|R[11] ; clock        ; clock       ; 1.000        ; -0.040     ; 3.596      ;
; -2.641 ; id_ex:S_ID_EX|RT_Data_EX_reg[0]  ; ex_mem:S_EX_MEM|regis16:R_ALU_R|R[13] ; clock        ; clock       ; 1.000        ; -0.040     ; 3.588      ;
; -2.623 ; id_ex:S_ID_EX|Src_A_reg[1]       ; ex_mem:S_EX_MEM|regis16:R_ALU_R|R[15] ; clock        ; clock       ; 1.000        ; -0.226     ; 3.384      ;
; -2.605 ; id_ex:S_ID_EX|RT_Data_EX_reg[0]  ; ex_mem:S_EX_MEM|regis16:R_ALU_R|R[11] ; clock        ; clock       ; 1.000        ; -0.040     ; 3.552      ;
; -2.605 ; id_ex:S_ID_EX|RT_Data_EX_reg[1]  ; ex_mem:S_EX_MEM|regis16:R_ALU_R|R[14] ; clock        ; clock       ; 1.000        ; -0.040     ; 3.552      ;
; -2.588 ; id_ex:S_ID_EX|RT_Data_EX_reg[1]  ; ex_mem:S_EX_MEM|regis16:R_ALU_R|R[13] ; clock        ; clock       ; 1.000        ; -0.040     ; 3.535      ;
; -2.552 ; id_ex:S_ID_EX|RT_Data_EX_reg[1]  ; ex_mem:S_EX_MEM|regis16:R_ALU_R|R[11] ; clock        ; clock       ; 1.000        ; -0.040     ; 3.499      ;
; -2.547 ; id_ex:S_ID_EX|EX_out_reg[1]      ; ex_mem:S_EX_MEM|regis16:R_ALU_R|R[12] ; clock        ; clock       ; 1.000        ; -0.040     ; 3.494      ;
; -2.522 ; id_ex:S_ID_EX|RT_Data_EX_reg[2]  ; ex_mem:S_EX_MEM|regis16:R_ALU_R|R[14] ; clock        ; clock       ; 1.000        ; -0.040     ; 3.469      ;
; -2.505 ; id_ex:S_ID_EX|RT_Data_EX_reg[2]  ; ex_mem:S_EX_MEM|regis16:R_ALU_R|R[13] ; clock        ; clock       ; 1.000        ; -0.040     ; 3.452      ;
; -2.499 ; id_ex:S_ID_EX|RT_Data_EX_reg[4]  ; ex_mem:S_EX_MEM|regis16:R_ALU_R|R[14] ; clock        ; clock       ; 1.000        ; -0.040     ; 3.446      ;
; -2.482 ; id_ex:S_ID_EX|RT_Data_EX_reg[4]  ; ex_mem:S_EX_MEM|regis16:R_ALU_R|R[13] ; clock        ; clock       ; 1.000        ; -0.040     ; 3.429      ;
; -2.469 ; id_ex:S_ID_EX|RT_Data_EX_reg[2]  ; ex_mem:S_EX_MEM|regis16:R_ALU_R|R[11] ; clock        ; clock       ; 1.000        ; -0.040     ; 3.416      ;
; -2.467 ; id_ex:S_ID_EX|RD_EX_reg[0]       ; ex_mem:S_EX_MEM|regis16:R_ALU_R|R[12] ; clock        ; clock       ; 1.000        ; -0.040     ; 3.414      ;
; -2.466 ; id_ex:S_ID_EX|Src_A_reg[0]       ; ex_mem:S_EX_MEM|regis16:R_ALU_R|R[14] ; clock        ; clock       ; 1.000        ; -0.040     ; 3.413      ;
; -2.449 ; id_ex:S_ID_EX|Src_A_reg[0]       ; ex_mem:S_EX_MEM|regis16:R_ALU_R|R[13] ; clock        ; clock       ; 1.000        ; -0.040     ; 3.396      ;
; -2.446 ; id_ex:S_ID_EX|RT_Data_EX_reg[4]  ; ex_mem:S_EX_MEM|regis16:R_ALU_R|R[11] ; clock        ; clock       ; 1.000        ; -0.040     ; 3.393      ;
; -2.437 ; id_ex:S_ID_EX|Src_A_reg[2]       ; ex_mem:S_EX_MEM|regis16:R_ALU_R|R[15] ; clock        ; clock       ; 1.000        ; -0.226     ; 3.198      ;
; -2.413 ; id_ex:S_ID_EX|Src_A_reg[0]       ; ex_mem:S_EX_MEM|regis16:R_ALU_R|R[11] ; clock        ; clock       ; 1.000        ; -0.040     ; 3.360      ;
; -2.387 ; id_ex:S_ID_EX|RT_Data_EX_reg[3]  ; ex_mem:S_EX_MEM|regis16:R_ALU_R|R[12] ; clock        ; clock       ; 1.000        ; -0.040     ; 3.334      ;
; -2.384 ; id_ex:S_ID_EX|RT_EX_reg[0]       ; ex_mem:S_EX_MEM|regis16:R_ALU_R|R[12] ; clock        ; clock       ; 1.000        ; -0.040     ; 3.331      ;
; -2.380 ; id_ex:S_ID_EX|RD_EX_reg[1]       ; ex_mem:S_EX_MEM|regis16:R_ALU_R|R[12] ; clock        ; clock       ; 1.000        ; -0.040     ; 3.327      ;
; -2.377 ; id_ex:S_ID_EX|Src_A_reg[1]       ; ex_mem:S_EX_MEM|regis16:R_ALU_R|R[14] ; clock        ; clock       ; 1.000        ; -0.226     ; 3.138      ;
; -2.360 ; id_ex:S_ID_EX|Src_A_reg[1]       ; ex_mem:S_EX_MEM|regis16:R_ALU_R|R[13] ; clock        ; clock       ; 1.000        ; -0.226     ; 3.121      ;
; -2.336 ; id_ex:S_ID_EX|RT_Data_EX_reg[0]  ; ex_mem:S_EX_MEM|regis16:R_ALU_R|R[12] ; clock        ; clock       ; 1.000        ; -0.040     ; 3.283      ;
; -2.324 ; id_ex:S_ID_EX|Src_A_reg[1]       ; ex_mem:S_EX_MEM|regis16:R_ALU_R|R[11] ; clock        ; clock       ; 1.000        ; -0.226     ; 3.085      ;
; -2.283 ; id_ex:S_ID_EX|RT_Data_EX_reg[1]  ; ex_mem:S_EX_MEM|regis16:R_ALU_R|R[12] ; clock        ; clock       ; 1.000        ; -0.040     ; 3.230      ;
; -2.253 ; id_ex:S_ID_EX|Src_A_reg[3]       ; ex_mem:S_EX_MEM|regis16:R_ALU_R|R[15] ; clock        ; clock       ; 1.000        ; -0.226     ; 3.014      ;
; -2.200 ; id_ex:S_ID_EX|RT_Data_EX_reg[2]  ; ex_mem:S_EX_MEM|regis16:R_ALU_R|R[12] ; clock        ; clock       ; 1.000        ; -0.040     ; 3.147      ;
; -2.191 ; id_ex:S_ID_EX|Src_A_reg[2]       ; ex_mem:S_EX_MEM|regis16:R_ALU_R|R[14] ; clock        ; clock       ; 1.000        ; -0.226     ; 2.952      ;
; -2.177 ; id_ex:S_ID_EX|RT_Data_EX_reg[4]  ; ex_mem:S_EX_MEM|regis16:R_ALU_R|R[12] ; clock        ; clock       ; 1.000        ; -0.040     ; 3.124      ;
; -2.174 ; id_ex:S_ID_EX|Src_A_reg[2]       ; ex_mem:S_EX_MEM|regis16:R_ALU_R|R[13] ; clock        ; clock       ; 1.000        ; -0.226     ; 2.935      ;
; -2.148 ; id_ex:S_ID_EX|EX_out_reg[1]      ; ex_mem:S_EX_MEM|regis16:R_ALU_R|R[10] ; clock        ; clock       ; 1.000        ; -0.040     ; 3.095      ;
; -2.144 ; id_ex:S_ID_EX|Src_A_reg[0]       ; ex_mem:S_EX_MEM|regis16:R_ALU_R|R[12] ; clock        ; clock       ; 1.000        ; -0.040     ; 3.091      ;
; -2.138 ; id_ex:S_ID_EX|Src_A_reg[2]       ; ex_mem:S_EX_MEM|regis16:R_ALU_R|R[11] ; clock        ; clock       ; 1.000        ; -0.226     ; 2.899      ;
; -2.093 ; id_ex:S_ID_EX|RT_Data_EX_reg[5]  ; ex_mem:S_EX_MEM|regis16:R_ALU_R|R[15] ; clock        ; clock       ; 1.000        ; -0.040     ; 3.040      ;
; -2.070 ; id_ex:S_ID_EX|Src_A_reg[4]       ; ex_mem:S_EX_MEM|regis16:R_ALU_R|R[15] ; clock        ; clock       ; 1.000        ; -0.226     ; 2.831      ;
; -2.068 ; id_ex:S_ID_EX|RD_EX_reg[0]       ; ex_mem:S_EX_MEM|regis16:R_ALU_R|R[10] ; clock        ; clock       ; 1.000        ; -0.040     ; 3.015      ;
; -2.055 ; id_ex:S_ID_EX|Src_A_reg[1]       ; ex_mem:S_EX_MEM|regis16:R_ALU_R|R[12] ; clock        ; clock       ; 1.000        ; -0.226     ; 2.816      ;
; -2.007 ; id_ex:S_ID_EX|Src_A_reg[3]       ; ex_mem:S_EX_MEM|regis16:R_ALU_R|R[14] ; clock        ; clock       ; 1.000        ; -0.226     ; 2.768      ;
; -1.990 ; id_ex:S_ID_EX|Src_A_reg[3]       ; ex_mem:S_EX_MEM|regis16:R_ALU_R|R[13] ; clock        ; clock       ; 1.000        ; -0.226     ; 2.751      ;
; -1.988 ; id_ex:S_ID_EX|RT_Data_EX_reg[3]  ; ex_mem:S_EX_MEM|regis16:R_ALU_R|R[10] ; clock        ; clock       ; 1.000        ; -0.040     ; 2.935      ;
; -1.985 ; id_ex:S_ID_EX|RT_EX_reg[0]       ; ex_mem:S_EX_MEM|regis16:R_ALU_R|R[10] ; clock        ; clock       ; 1.000        ; -0.040     ; 2.932      ;
; -1.981 ; id_ex:S_ID_EX|RD_EX_reg[1]       ; ex_mem:S_EX_MEM|regis16:R_ALU_R|R[10] ; clock        ; clock       ; 1.000        ; -0.040     ; 2.928      ;
; -1.954 ; id_ex:S_ID_EX|Src_A_reg[3]       ; ex_mem:S_EX_MEM|regis16:R_ALU_R|R[11] ; clock        ; clock       ; 1.000        ; -0.226     ; 2.715      ;
; -1.937 ; id_ex:S_ID_EX|RT_Data_EX_reg[0]  ; ex_mem:S_EX_MEM|regis16:R_ALU_R|R[10] ; clock        ; clock       ; 1.000        ; -0.040     ; 2.884      ;
; -1.930 ; id_ex:S_ID_EX|EX_out_reg[1]      ; ex_mem:S_EX_MEM|regis16:R_ALU_R|R[9]  ; clock        ; clock       ; 1.000        ; -0.040     ; 2.877      ;
; -1.929 ; id_ex:S_ID_EX|RT_Data_EX_reg[6]  ; ex_mem:S_EX_MEM|regis16:R_ALU_R|R[15] ; clock        ; clock       ; 1.000        ; -0.040     ; 2.876      ;
; -1.886 ; id_ex:S_ID_EX|Src_A_reg[5]       ; ex_mem:S_EX_MEM|regis16:R_ALU_R|R[15] ; clock        ; clock       ; 1.000        ; -0.226     ; 2.647      ;
; -1.884 ; id_ex:S_ID_EX|RT_Data_EX_reg[1]  ; ex_mem:S_EX_MEM|regis16:R_ALU_R|R[10] ; clock        ; clock       ; 1.000        ; -0.040     ; 2.831      ;
; -1.869 ; id_ex:S_ID_EX|Src_A_reg[2]       ; ex_mem:S_EX_MEM|regis16:R_ALU_R|R[12] ; clock        ; clock       ; 1.000        ; -0.226     ; 2.630      ;
; -1.857 ; id_ex:S_ID_EX|RT_Data_EX_reg[8]  ; ex_mem:S_EX_MEM|regis16:R_ALU_R|R[15] ; clock        ; clock       ; 1.000        ; -0.040     ; 2.804      ;
; -1.850 ; id_ex:S_ID_EX|RD_EX_reg[0]       ; ex_mem:S_EX_MEM|regis16:R_ALU_R|R[9]  ; clock        ; clock       ; 1.000        ; -0.040     ; 2.797      ;
; -1.847 ; id_ex:S_ID_EX|RT_Data_EX_reg[5]  ; ex_mem:S_EX_MEM|regis16:R_ALU_R|R[14] ; clock        ; clock       ; 1.000        ; -0.040     ; 2.794      ;
; -1.830 ; id_ex:S_ID_EX|RT_Data_EX_reg[5]  ; ex_mem:S_EX_MEM|regis16:R_ALU_R|R[13] ; clock        ; clock       ; 1.000        ; -0.040     ; 2.777      ;
; -1.824 ; id_ex:S_ID_EX|Src_A_reg[4]       ; ex_mem:S_EX_MEM|regis16:R_ALU_R|R[14] ; clock        ; clock       ; 1.000        ; -0.226     ; 2.585      ;
; -1.807 ; id_ex:S_ID_EX|Src_A_reg[4]       ; ex_mem:S_EX_MEM|regis16:R_ALU_R|R[13] ; clock        ; clock       ; 1.000        ; -0.226     ; 2.568      ;
; -1.807 ; id_ex:S_ID_EX|RT_Data_EX_reg[9]  ; ex_mem:S_EX_MEM|regis16:R_ALU_R|R[15] ; clock        ; clock       ; 1.000        ; -0.039     ; 2.755      ;
; -1.801 ; id_ex:S_ID_EX|RT_Data_EX_reg[2]  ; ex_mem:S_EX_MEM|regis16:R_ALU_R|R[10] ; clock        ; clock       ; 1.000        ; -0.040     ; 2.748      ;
; -1.794 ; id_ex:S_ID_EX|RT_Data_EX_reg[5]  ; ex_mem:S_EX_MEM|regis16:R_ALU_R|R[11] ; clock        ; clock       ; 1.000        ; -0.040     ; 2.741      ;
; -1.778 ; id_ex:S_ID_EX|RT_Data_EX_reg[4]  ; ex_mem:S_EX_MEM|regis16:R_ALU_R|R[10] ; clock        ; clock       ; 1.000        ; -0.040     ; 2.725      ;
; -1.771 ; id_ex:S_ID_EX|Src_A_reg[4]       ; ex_mem:S_EX_MEM|regis16:R_ALU_R|R[11] ; clock        ; clock       ; 1.000        ; -0.226     ; 2.532      ;
; -1.770 ; id_ex:S_ID_EX|RT_Data_EX_reg[3]  ; ex_mem:S_EX_MEM|regis16:R_ALU_R|R[9]  ; clock        ; clock       ; 1.000        ; -0.040     ; 2.717      ;
; -1.767 ; id_ex:S_ID_EX|RT_EX_reg[0]       ; ex_mem:S_EX_MEM|regis16:R_ALU_R|R[9]  ; clock        ; clock       ; 1.000        ; -0.040     ; 2.714      ;
; -1.763 ; id_ex:S_ID_EX|RD_EX_reg[1]       ; ex_mem:S_EX_MEM|regis16:R_ALU_R|R[9]  ; clock        ; clock       ; 1.000        ; -0.040     ; 2.710      ;
; -1.745 ; id_ex:S_ID_EX|Src_A_reg[0]       ; ex_mem:S_EX_MEM|regis16:R_ALU_R|R[10] ; clock        ; clock       ; 1.000        ; -0.040     ; 2.692      ;
; -1.719 ; id_ex:S_ID_EX|RT_Data_EX_reg[0]  ; ex_mem:S_EX_MEM|regis16:R_ALU_R|R[9]  ; clock        ; clock       ; 1.000        ; -0.040     ; 2.666      ;
; -1.706 ; id_ex:S_ID_EX|RT_Data_EX_reg[11] ; ex_mem:S_EX_MEM|regis16:R_ALU_R|R[15] ; clock        ; clock       ; 1.000        ; -0.052     ; 2.641      ;
; -1.703 ; id_ex:S_ID_EX|Src_A_reg[6]       ; ex_mem:S_EX_MEM|regis16:R_ALU_R|R[15] ; clock        ; clock       ; 1.000        ; -0.226     ; 2.464      ;
; -1.685 ; id_ex:S_ID_EX|Src_A_reg[3]       ; ex_mem:S_EX_MEM|regis16:R_ALU_R|R[12] ; clock        ; clock       ; 1.000        ; -0.226     ; 2.446      ;
; -1.683 ; id_ex:S_ID_EX|RT_Data_EX_reg[6]  ; ex_mem:S_EX_MEM|regis16:R_ALU_R|R[14] ; clock        ; clock       ; 1.000        ; -0.040     ; 2.630      ;
; -1.675 ; id_ex:S_ID_EX|RT_Data_EX_reg[7]  ; ex_mem:S_EX_MEM|regis16:R_ALU_R|R[15] ; clock        ; clock       ; 1.000        ; -0.040     ; 2.622      ;
; -1.666 ; id_ex:S_ID_EX|RT_Data_EX_reg[6]  ; ex_mem:S_EX_MEM|regis16:R_ALU_R|R[13] ; clock        ; clock       ; 1.000        ; -0.040     ; 2.613      ;
; -1.666 ; id_ex:S_ID_EX|RT_Data_EX_reg[1]  ; ex_mem:S_EX_MEM|regis16:R_ALU_R|R[9]  ; clock        ; clock       ; 1.000        ; -0.040     ; 2.613      ;
; -1.656 ; id_ex:S_ID_EX|Src_A_reg[1]       ; ex_mem:S_EX_MEM|regis16:R_ALU_R|R[10] ; clock        ; clock       ; 1.000        ; -0.226     ; 2.417      ;
+--------+----------------------------------+---------------------------------------+--------------+-------------+--------------+------------+------------+


+----------------------------------------------------------------------------------------------------------------+
; Fast 1200mV 0C Model Setup: 'CLOCK_50'                                                                         ;
+--------+----------------+----------------+--------------+-------------+--------------+------------+------------+
; Slack  ; From Node      ; To Node        ; Launch Clock ; Latch Clock ; Relationship ; Clock Skew ; Data Delay ;
+--------+----------------+----------------+--------------+-------------+--------------+------------+------------+
; -0.241 ; clockticks[4]  ; clockticks[3]  ; CLOCK_50     ; CLOCK_50    ; 1.000        ; -0.042     ; 1.186      ;
; -0.241 ; clockticks[4]  ; clockticks[5]  ; CLOCK_50     ; CLOCK_50    ; 1.000        ; -0.042     ; 1.186      ;
; -0.241 ; clockticks[4]  ; clockticks[6]  ; CLOCK_50     ; CLOCK_50    ; 1.000        ; -0.042     ; 1.186      ;
; -0.241 ; clockticks[4]  ; clockticks[8]  ; CLOCK_50     ; CLOCK_50    ; 1.000        ; -0.042     ; 1.186      ;
; -0.241 ; clockticks[4]  ; clockticks[9]  ; CLOCK_50     ; CLOCK_50    ; 1.000        ; -0.042     ; 1.186      ;
; -0.241 ; clockticks[4]  ; clockticks[12] ; CLOCK_50     ; CLOCK_50    ; 1.000        ; -0.042     ; 1.186      ;
; -0.241 ; clockticks[4]  ; clockticks[7]  ; CLOCK_50     ; CLOCK_50    ; 1.000        ; -0.042     ; 1.186      ;
; -0.241 ; clockticks[4]  ; clockticks[4]  ; CLOCK_50     ; CLOCK_50    ; 1.000        ; -0.042     ; 1.186      ;
; -0.241 ; clockticks[4]  ; clockticks[2]  ; CLOCK_50     ; CLOCK_50    ; 1.000        ; -0.042     ; 1.186      ;
; -0.241 ; clockticks[4]  ; clockticks[0]  ; CLOCK_50     ; CLOCK_50    ; 1.000        ; -0.042     ; 1.186      ;
; -0.241 ; clockticks[4]  ; clockticks[1]  ; CLOCK_50     ; CLOCK_50    ; 1.000        ; -0.042     ; 1.186      ;
; -0.237 ; clockticks[6]  ; clockticks[3]  ; CLOCK_50     ; CLOCK_50    ; 1.000        ; -0.042     ; 1.182      ;
; -0.237 ; clockticks[6]  ; clockticks[5]  ; CLOCK_50     ; CLOCK_50    ; 1.000        ; -0.042     ; 1.182      ;
; -0.237 ; clockticks[6]  ; clockticks[6]  ; CLOCK_50     ; CLOCK_50    ; 1.000        ; -0.042     ; 1.182      ;
; -0.237 ; clockticks[6]  ; clockticks[8]  ; CLOCK_50     ; CLOCK_50    ; 1.000        ; -0.042     ; 1.182      ;
; -0.237 ; clockticks[6]  ; clockticks[9]  ; CLOCK_50     ; CLOCK_50    ; 1.000        ; -0.042     ; 1.182      ;
; -0.237 ; clockticks[6]  ; clockticks[12] ; CLOCK_50     ; CLOCK_50    ; 1.000        ; -0.042     ; 1.182      ;
; -0.237 ; clockticks[6]  ; clockticks[7]  ; CLOCK_50     ; CLOCK_50    ; 1.000        ; -0.042     ; 1.182      ;
; -0.237 ; clockticks[6]  ; clockticks[4]  ; CLOCK_50     ; CLOCK_50    ; 1.000        ; -0.042     ; 1.182      ;
; -0.237 ; clockticks[6]  ; clockticks[2]  ; CLOCK_50     ; CLOCK_50    ; 1.000        ; -0.042     ; 1.182      ;
; -0.237 ; clockticks[6]  ; clockticks[0]  ; CLOCK_50     ; CLOCK_50    ; 1.000        ; -0.042     ; 1.182      ;
; -0.237 ; clockticks[6]  ; clockticks[1]  ; CLOCK_50     ; CLOCK_50    ; 1.000        ; -0.042     ; 1.182      ;
; -0.215 ; clockticks[1]  ; clockticks[12] ; CLOCK_50     ; CLOCK_50    ; 1.000        ; -0.042     ; 1.160      ;
; -0.171 ; clockticks[0]  ; clockticks[12] ; CLOCK_50     ; CLOCK_50    ; 1.000        ; -0.042     ; 1.116      ;
; -0.165 ; clockticks[3]  ; clockticks[12] ; CLOCK_50     ; CLOCK_50    ; 1.000        ; -0.042     ; 1.110      ;
; -0.138 ; clockticks[5]  ; clockticks[3]  ; CLOCK_50     ; CLOCK_50    ; 1.000        ; -0.042     ; 1.083      ;
; -0.138 ; clockticks[5]  ; clockticks[5]  ; CLOCK_50     ; CLOCK_50    ; 1.000        ; -0.042     ; 1.083      ;
; -0.138 ; clockticks[5]  ; clockticks[6]  ; CLOCK_50     ; CLOCK_50    ; 1.000        ; -0.042     ; 1.083      ;
; -0.138 ; clockticks[5]  ; clockticks[8]  ; CLOCK_50     ; CLOCK_50    ; 1.000        ; -0.042     ; 1.083      ;
; -0.138 ; clockticks[5]  ; clockticks[9]  ; CLOCK_50     ; CLOCK_50    ; 1.000        ; -0.042     ; 1.083      ;
; -0.138 ; clockticks[5]  ; clockticks[12] ; CLOCK_50     ; CLOCK_50    ; 1.000        ; -0.042     ; 1.083      ;
; -0.138 ; clockticks[5]  ; clockticks[7]  ; CLOCK_50     ; CLOCK_50    ; 1.000        ; -0.042     ; 1.083      ;
; -0.138 ; clockticks[5]  ; clockticks[4]  ; CLOCK_50     ; CLOCK_50    ; 1.000        ; -0.042     ; 1.083      ;
; -0.138 ; clockticks[5]  ; clockticks[2]  ; CLOCK_50     ; CLOCK_50    ; 1.000        ; -0.042     ; 1.083      ;
; -0.138 ; clockticks[5]  ; clockticks[0]  ; CLOCK_50     ; CLOCK_50    ; 1.000        ; -0.042     ; 1.083      ;
; -0.138 ; clockticks[5]  ; clockticks[1]  ; CLOCK_50     ; CLOCK_50    ; 1.000        ; -0.042     ; 1.083      ;
; -0.122 ; clockticks[10] ; clock          ; CLOCK_50     ; CLOCK_50    ; 1.000        ; -0.246     ; 0.863      ;
; -0.121 ; clockticks[4]  ; clock          ; CLOCK_50     ; CLOCK_50    ; 1.000        ; -0.042     ; 1.066      ;
; -0.115 ; clockticks[2]  ; clockticks[12] ; CLOCK_50     ; CLOCK_50    ; 1.000        ; -0.042     ; 1.060      ;
; -0.100 ; clockticks[10] ; clockticks[3]  ; CLOCK_50     ; CLOCK_50    ; 1.000        ; -0.246     ; 0.841      ;
; -0.100 ; clockticks[10] ; clockticks[5]  ; CLOCK_50     ; CLOCK_50    ; 1.000        ; -0.246     ; 0.841      ;
; -0.100 ; clockticks[10] ; clockticks[6]  ; CLOCK_50     ; CLOCK_50    ; 1.000        ; -0.246     ; 0.841      ;
; -0.100 ; clockticks[10] ; clockticks[8]  ; CLOCK_50     ; CLOCK_50    ; 1.000        ; -0.246     ; 0.841      ;
; -0.100 ; clockticks[10] ; clockticks[9]  ; CLOCK_50     ; CLOCK_50    ; 1.000        ; -0.246     ; 0.841      ;
; -0.100 ; clockticks[10] ; clockticks[12] ; CLOCK_50     ; CLOCK_50    ; 1.000        ; -0.246     ; 0.841      ;
; -0.100 ; clockticks[10] ; clockticks[7]  ; CLOCK_50     ; CLOCK_50    ; 1.000        ; -0.246     ; 0.841      ;
; -0.100 ; clockticks[10] ; clockticks[4]  ; CLOCK_50     ; CLOCK_50    ; 1.000        ; -0.246     ; 0.841      ;
; -0.100 ; clockticks[10] ; clockticks[2]  ; CLOCK_50     ; CLOCK_50    ; 1.000        ; -0.246     ; 0.841      ;
; -0.100 ; clockticks[10] ; clockticks[0]  ; CLOCK_50     ; CLOCK_50    ; 1.000        ; -0.246     ; 0.841      ;
; -0.100 ; clockticks[10] ; clockticks[1]  ; CLOCK_50     ; CLOCK_50    ; 1.000        ; -0.246     ; 0.841      ;
; -0.099 ; clockticks[11] ; clockticks[12] ; CLOCK_50     ; CLOCK_50    ; 1.000        ; -0.246     ; 0.840      ;
; -0.094 ; clockticks[7]  ; clockticks[3]  ; CLOCK_50     ; CLOCK_50    ; 1.000        ; -0.042     ; 1.039      ;
; -0.094 ; clockticks[7]  ; clockticks[5]  ; CLOCK_50     ; CLOCK_50    ; 1.000        ; -0.042     ; 1.039      ;
; -0.094 ; clockticks[7]  ; clockticks[6]  ; CLOCK_50     ; CLOCK_50    ; 1.000        ; -0.042     ; 1.039      ;
; -0.094 ; clockticks[7]  ; clockticks[8]  ; CLOCK_50     ; CLOCK_50    ; 1.000        ; -0.042     ; 1.039      ;
; -0.094 ; clockticks[7]  ; clockticks[9]  ; CLOCK_50     ; CLOCK_50    ; 1.000        ; -0.042     ; 1.039      ;
; -0.094 ; clockticks[7]  ; clockticks[12] ; CLOCK_50     ; CLOCK_50    ; 1.000        ; -0.042     ; 1.039      ;
; -0.094 ; clockticks[7]  ; clockticks[7]  ; CLOCK_50     ; CLOCK_50    ; 1.000        ; -0.042     ; 1.039      ;
; -0.094 ; clockticks[7]  ; clockticks[4]  ; CLOCK_50     ; CLOCK_50    ; 1.000        ; -0.042     ; 1.039      ;
; -0.094 ; clockticks[7]  ; clockticks[2]  ; CLOCK_50     ; CLOCK_50    ; 1.000        ; -0.042     ; 1.039      ;
; -0.094 ; clockticks[7]  ; clockticks[0]  ; CLOCK_50     ; CLOCK_50    ; 1.000        ; -0.042     ; 1.039      ;
; -0.094 ; clockticks[7]  ; clockticks[1]  ; CLOCK_50     ; CLOCK_50    ; 1.000        ; -0.042     ; 1.039      ;
; -0.093 ; clockticks[9]  ; clockticks[3]  ; CLOCK_50     ; CLOCK_50    ; 1.000        ; -0.042     ; 1.038      ;
; -0.093 ; clockticks[9]  ; clockticks[5]  ; CLOCK_50     ; CLOCK_50    ; 1.000        ; -0.042     ; 1.038      ;
; -0.093 ; clockticks[9]  ; clockticks[6]  ; CLOCK_50     ; CLOCK_50    ; 1.000        ; -0.042     ; 1.038      ;
; -0.093 ; clockticks[9]  ; clockticks[8]  ; CLOCK_50     ; CLOCK_50    ; 1.000        ; -0.042     ; 1.038      ;
; -0.093 ; clockticks[9]  ; clockticks[9]  ; CLOCK_50     ; CLOCK_50    ; 1.000        ; -0.042     ; 1.038      ;
; -0.093 ; clockticks[9]  ; clockticks[12] ; CLOCK_50     ; CLOCK_50    ; 1.000        ; -0.042     ; 1.038      ;
; -0.093 ; clockticks[9]  ; clockticks[7]  ; CLOCK_50     ; CLOCK_50    ; 1.000        ; -0.042     ; 1.038      ;
; -0.093 ; clockticks[9]  ; clockticks[4]  ; CLOCK_50     ; CLOCK_50    ; 1.000        ; -0.042     ; 1.038      ;
; -0.093 ; clockticks[9]  ; clockticks[2]  ; CLOCK_50     ; CLOCK_50    ; 1.000        ; -0.042     ; 1.038      ;
; -0.093 ; clockticks[9]  ; clockticks[0]  ; CLOCK_50     ; CLOCK_50    ; 1.000        ; -0.042     ; 1.038      ;
; -0.093 ; clockticks[9]  ; clockticks[1]  ; CLOCK_50     ; CLOCK_50    ; 1.000        ; -0.042     ; 1.038      ;
; -0.087 ; clockticks[3]  ; clockticks[3]  ; CLOCK_50     ; CLOCK_50    ; 1.000        ; -0.042     ; 1.032      ;
; -0.087 ; clockticks[3]  ; clockticks[5]  ; CLOCK_50     ; CLOCK_50    ; 1.000        ; -0.042     ; 1.032      ;
; -0.087 ; clockticks[3]  ; clockticks[6]  ; CLOCK_50     ; CLOCK_50    ; 1.000        ; -0.042     ; 1.032      ;
; -0.087 ; clockticks[3]  ; clockticks[8]  ; CLOCK_50     ; CLOCK_50    ; 1.000        ; -0.042     ; 1.032      ;
; -0.087 ; clockticks[3]  ; clockticks[9]  ; CLOCK_50     ; CLOCK_50    ; 1.000        ; -0.042     ; 1.032      ;
; -0.087 ; clockticks[3]  ; clockticks[7]  ; CLOCK_50     ; CLOCK_50    ; 1.000        ; -0.042     ; 1.032      ;
; -0.087 ; clockticks[3]  ; clockticks[4]  ; CLOCK_50     ; CLOCK_50    ; 1.000        ; -0.042     ; 1.032      ;
; -0.087 ; clockticks[3]  ; clockticks[2]  ; CLOCK_50     ; CLOCK_50    ; 1.000        ; -0.042     ; 1.032      ;
; -0.087 ; clockticks[3]  ; clockticks[0]  ; CLOCK_50     ; CLOCK_50    ; 1.000        ; -0.042     ; 1.032      ;
; -0.087 ; clockticks[3]  ; clockticks[1]  ; CLOCK_50     ; CLOCK_50    ; 1.000        ; -0.042     ; 1.032      ;
; -0.083 ; clockticks[1]  ; clockticks[9]  ; CLOCK_50     ; CLOCK_50    ; 1.000        ; -0.042     ; 1.028      ;
; -0.079 ; clockticks[1]  ; clockticks[8]  ; CLOCK_50     ; CLOCK_50    ; 1.000        ; -0.042     ; 1.024      ;
; -0.073 ; clockticks[0]  ; clockticks[9]  ; CLOCK_50     ; CLOCK_50    ; 1.000        ; -0.042     ; 1.018      ;
; -0.056 ; clockticks[8]  ; clockticks[3]  ; CLOCK_50     ; CLOCK_50    ; 1.000        ; -0.042     ; 1.001      ;
; -0.056 ; clockticks[8]  ; clockticks[5]  ; CLOCK_50     ; CLOCK_50    ; 1.000        ; -0.042     ; 1.001      ;
; -0.056 ; clockticks[8]  ; clockticks[6]  ; CLOCK_50     ; CLOCK_50    ; 1.000        ; -0.042     ; 1.001      ;
; -0.056 ; clockticks[8]  ; clockticks[8]  ; CLOCK_50     ; CLOCK_50    ; 1.000        ; -0.042     ; 1.001      ;
; -0.056 ; clockticks[8]  ; clockticks[9]  ; CLOCK_50     ; CLOCK_50    ; 1.000        ; -0.042     ; 1.001      ;
; -0.056 ; clockticks[8]  ; clockticks[12] ; CLOCK_50     ; CLOCK_50    ; 1.000        ; -0.042     ; 1.001      ;
; -0.056 ; clockticks[8]  ; clockticks[7]  ; CLOCK_50     ; CLOCK_50    ; 1.000        ; -0.042     ; 1.001      ;
; -0.056 ; clockticks[8]  ; clockticks[4]  ; CLOCK_50     ; CLOCK_50    ; 1.000        ; -0.042     ; 1.001      ;
; -0.056 ; clockticks[8]  ; clockticks[2]  ; CLOCK_50     ; CLOCK_50    ; 1.000        ; -0.042     ; 1.001      ;
; -0.056 ; clockticks[8]  ; clockticks[0]  ; CLOCK_50     ; CLOCK_50    ; 1.000        ; -0.042     ; 1.001      ;
; -0.056 ; clockticks[8]  ; clockticks[1]  ; CLOCK_50     ; CLOCK_50    ; 1.000        ; -0.042     ; 1.001      ;
; -0.046 ; clockticks[4]  ; clockticks[11] ; CLOCK_50     ; CLOCK_50    ; 1.000        ; 0.153      ; 1.186      ;
; -0.046 ; clockticks[4]  ; clockticks[10] ; CLOCK_50     ; CLOCK_50    ; 1.000        ; 0.153      ; 1.186      ;
; -0.042 ; clockticks[6]  ; clockticks[11] ; CLOCK_50     ; CLOCK_50    ; 1.000        ; 0.153      ; 1.182      ;
+--------+----------------+----------------+--------------+-------------+--------------+------------+------------+


+---------------------------------------------------------------------------------------------------------------------------------------------------------------+
; Fast 1200mV 0C Model Hold: 'clock'                                                                                                                            ;
+-------+---------------------------------------+-----------------------------------------+--------------+-------------+--------------+------------+------------+
; Slack ; From Node                             ; To Node                                 ; Launch Clock ; Latch Clock ; Relationship ; Clock Skew ; Data Delay ;
+-------+---------------------------------------+-----------------------------------------+--------------+-------------+--------------+------------+------------+
; 0.182 ; phase_cnt[3]                          ; phase_cnt[3]                            ; clock        ; clock       ; 0.000        ; 0.041      ; 0.307      ;
; 0.182 ; phase_cnt[2]                          ; phase_cnt[2]                            ; clock        ; clock       ; 0.000        ; 0.041      ; 0.307      ;
; 0.182 ; phase_cnt[1]                          ; phase_cnt[1]                            ; clock        ; clock       ; 0.000        ; 0.041      ; 0.307      ;
; 0.189 ; mem_wb:S_MEM_WB|regis16:R_ALU_R|R[12] ; mem_wb:S_MEM_WB|ALU_R_WB_reg[12]        ; clock        ; clock       ; 0.000        ; 0.040      ; 0.313      ;
; 0.189 ; pc:PC_IF|regis16:R_PC_in|R[10]        ; pc:PC_IF|PC_out_reg[10]                 ; clock        ; clock       ; 0.000        ; 0.041      ; 0.314      ;
; 0.189 ; pc:PC_IF|regis16:R_PC_in|R[5]         ; pc:PC_IF|PC_out_reg[5]                  ; clock        ; clock       ; 0.000        ; 0.041      ; 0.314      ;
; 0.189 ; phase_cnt[0]                          ; phase_cnt[0]                            ; clock        ; clock       ; 0.000        ; 0.041      ; 0.314      ;
; 0.190 ; mem_wb:S_MEM_WB|regis16:R_ALU_R|R[10] ; mem_wb:S_MEM_WB|ALU_R_WB_reg[10]        ; clock        ; clock       ; 0.000        ; 0.040      ; 0.314      ;
; 0.190 ; id_ex:S_ID_EX|regis16:R_RT|R[10]      ; id_ex:S_ID_EX|RT_Data_EX_reg[10]        ; clock        ; clock       ; 0.000        ; 0.040      ; 0.314      ;
; 0.190 ; mem_wb:S_MEM_WB|regis16:R_ALU_R|R[9]  ; mem_wb:S_MEM_WB|ALU_R_WB_reg[9]         ; clock        ; clock       ; 0.000        ; 0.040      ; 0.314      ;
; 0.190 ; ex_mem:S_EX_MEM|ALU_R_MEM_reg[8]      ; mem_wb:S_MEM_WB|regis16:R_ALU_R|R[8]    ; clock        ; clock       ; 0.000        ; 0.040      ; 0.314      ;
; 0.190 ; ex_mem:S_EX_MEM|ALU_R_MEM_reg[7]      ; mem_wb:S_MEM_WB|regis16:R_ALU_R|R[7]    ; clock        ; clock       ; 0.000        ; 0.040      ; 0.314      ;
; 0.190 ; ex_mem:S_EX_MEM|ALU_R_MEM_reg[6]      ; mem_wb:S_MEM_WB|regis16:R_ALU_R|R[6]    ; clock        ; clock       ; 0.000        ; 0.040      ; 0.314      ;
; 0.190 ; ex_mem:S_EX_MEM|ALU_R_MEM_reg[5]      ; mem_wb:S_MEM_WB|regis16:R_ALU_R|R[5]    ; clock        ; clock       ; 0.000        ; 0.040      ; 0.314      ;
; 0.190 ; data_memory:Data_Mem|read_reg[0]      ; mem_wb:S_MEM_WB|regis16:R_ReadData|R[0] ; clock        ; clock       ; 0.000        ; 0.040      ; 0.314      ;
; 0.190 ; data_memory:Data_Mem|read_reg[1]      ; mem_wb:S_MEM_WB|regis16:R_ReadData|R[1] ; clock        ; clock       ; 0.000        ; 0.040      ; 0.314      ;
; 0.190 ; id_ex:S_ID_EX|WB_out_reg[1]           ; ex_mem:S_EX_MEM|regis4:R_WB_in|R[1]     ; clock        ; clock       ; 0.000        ; 0.040      ; 0.314      ;
; 0.190 ; id_ex:S_ID_EX|regis4:R_WB_in|R[1]     ; id_ex:S_ID_EX|WB_out_reg[1]             ; clock        ; clock       ; 0.000        ; 0.040      ; 0.314      ;
; 0.190 ; mem_wb:S_MEM_WB|regis16:R_ALU_R|R[1]  ; mem_wb:S_MEM_WB|ALU_R_WB_reg[1]         ; clock        ; clock       ; 0.000        ; 0.040      ; 0.314      ;
; 0.190 ; id_ex:S_ID_EX|regis4:R_EX_in|R[0]     ; id_ex:S_ID_EX|EX_out_reg[0]             ; clock        ; clock       ; 0.000        ; 0.040      ; 0.314      ;
; 0.190 ; pc:PC_IF|regis16:R_PC_in|R[12]        ; pc:PC_IF|PC_out_reg[12]                 ; clock        ; clock       ; 0.000        ; 0.041      ; 0.315      ;
; 0.190 ; pc:PC_IF|regis16:R_PC_in|R[3]         ; pc:PC_IF|PC_out_reg[3]                  ; clock        ; clock       ; 0.000        ; 0.040      ; 0.314      ;
; 0.191 ; ex_mem:S_EX_MEM|ALU_R_MEM_reg[15]     ; mem_wb:S_MEM_WB|regis16:R_ALU_R|R[15]   ; clock        ; clock       ; 0.000        ; 0.040      ; 0.315      ;
; 0.191 ; ex_mem:S_EX_MEM|ALU_R_MEM_reg[14]     ; mem_wb:S_MEM_WB|regis16:R_ALU_R|R[14]   ; clock        ; clock       ; 0.000        ; 0.040      ; 0.315      ;
; 0.191 ; mem_wb:S_MEM_WB|regis16:R_ALU_R|R[8]  ; mem_wb:S_MEM_WB|ALU_R_WB_reg[8]         ; clock        ; clock       ; 0.000        ; 0.040      ; 0.315      ;
; 0.191 ; data_memory:Data_Mem|read_reg[4]      ; mem_wb:S_MEM_WB|regis16:R_ReadData|R[4] ; clock        ; clock       ; 0.000        ; 0.040      ; 0.315      ;
; 0.191 ; ex_mem:S_EX_MEM|WB_out_reg[1]         ; mem_wb:S_MEM_WB|regis4:R_WB_in|R[1]     ; clock        ; clock       ; 0.000        ; 0.040      ; 0.315      ;
; 0.191 ; pc:PC_IF|regis16:R_PC_in|R[2]         ; pc:PC_IF|PC_out_reg[2]                  ; clock        ; clock       ; 0.000        ; 0.040      ; 0.315      ;
; 0.192 ; ex_mem:S_EX_MEM|regis4:R_WB_in|R[1]   ; ex_mem:S_EX_MEM|WB_out_reg[1]           ; clock        ; clock       ; 0.000        ; 0.040      ; 0.316      ;
; 0.192 ; if_id:S_IF_ID|regis16:R_Inst_IF|R[1]  ; if_id:S_IF_ID|Inst_ID_reg[1]            ; clock        ; clock       ; 0.000        ; 0.040      ; 0.316      ;
; 0.193 ; mem_wb:S_MEM_WB|regis16:R_ALU_R|R[13] ; mem_wb:S_MEM_WB|ALU_R_WB_reg[13]        ; clock        ; clock       ; 0.000        ; 0.040      ; 0.317      ;
; 0.193 ; data_memory:Data_Mem|read_reg[2]      ; mem_wb:S_MEM_WB|regis16:R_ReadData|R[2] ; clock        ; clock       ; 0.000        ; 0.040      ; 0.317      ;
; 0.196 ; phase_cnt[0]                          ; phase_cnt[2]                            ; clock        ; clock       ; 0.000        ; 0.041      ; 0.321      ;
; 0.196 ; phase_cnt[0]                          ; phase_cnt[1]                            ; clock        ; clock       ; 0.000        ; 0.041      ; 0.321      ;
; 0.197 ; phase_cnt[0]                          ; phase_cnt[3]                            ; clock        ; clock       ; 0.000        ; 0.041      ; 0.322      ;
; 0.199 ; pc:PC_IF|PC_out_reg[14]               ; pc:PC_IF|regis16:R_PC_in|R[15]          ; clock        ; clock       ; 0.000        ; 0.040      ; 0.323      ;
; 0.204 ; ex_mem:S_EX_MEM|ALU_R_MEM_reg[0]      ; mem_wb:S_MEM_WB|regis16:R_ALU_R|R[0]    ; clock        ; clock       ; 0.000        ; 0.040      ; 0.328      ;
; 0.207 ; ex_mem:S_EX_MEM|ALU_R_MEM_reg[1]      ; mem_wb:S_MEM_WB|regis16:R_ALU_R|R[1]    ; clock        ; clock       ; 0.000        ; 0.040      ; 0.331      ;
; 0.207 ; pc:PC_IF|PC_out_reg[12]               ; pc:PC_IF|regis16:R_PC_in|R[13]          ; clock        ; clock       ; 0.000        ; 0.041      ; 0.332      ;
; 0.210 ; pc:PC_IF|PC_out_reg[12]               ; pc:PC_IF|regis16:R_PC_in|R[12]          ; clock        ; clock       ; 0.000        ; 0.041      ; 0.335      ;
; 0.254 ; ex_mem:S_EX_MEM|regis16:R_ALU_R|R[4]  ; ex_mem:S_EX_MEM|ALU_R_MEM_reg[4]        ; clock        ; clock       ; 0.000        ; 0.041      ; 0.379      ;
; 0.257 ; mem_wb:S_MEM_WB|regis4:R_RW|R[1]      ; mem_wb:S_MEM_WB|RW_WB_reg[1]            ; clock        ; clock       ; 0.000        ; 0.041      ; 0.382      ;
; 0.259 ; pc:PC_IF|regis16:R_PC_in|R[1]         ; pc:PC_IF|PC_out_reg[1]                  ; clock        ; clock       ; 0.000        ; 0.040      ; 0.383      ;
; 0.260 ; ex_mem:S_EX_MEM|regis16:R_ALU_R|R[8]  ; ex_mem:S_EX_MEM|ALU_R_MEM_reg[8]        ; clock        ; clock       ; 0.000        ; 0.039      ; 0.383      ;
; 0.261 ; ex_mem:S_EX_MEM|regis16:R_ALU_R|R[9]  ; ex_mem:S_EX_MEM|ALU_R_MEM_reg[9]        ; clock        ; clock       ; 0.000        ; 0.039      ; 0.384      ;
; 0.261 ; if_id:S_IF_ID|Inst_ID_reg[13]         ; id_ex:S_ID_EX|regis4:R_EX_in|R[0]       ; clock        ; clock       ; 0.000        ; 0.041      ; 0.386      ;
; 0.262 ; ex_mem:S_EX_MEM|ALU_R_MEM_reg[13]     ; mem_wb:S_MEM_WB|regis16:R_ALU_R|R[13]   ; clock        ; clock       ; 0.000        ; 0.040      ; 0.386      ;
; 0.262 ; ex_mem:S_EX_MEM|regis16:R_ALU_R|R[10] ; ex_mem:S_EX_MEM|ALU_R_MEM_reg[10]       ; clock        ; clock       ; 0.000        ; 0.039      ; 0.385      ;
; 0.262 ; id_ex:S_ID_EX|regis16:R_RT|R[5]       ; id_ex:S_ID_EX|RT_Data_EX_reg[5]         ; clock        ; clock       ; 0.000        ; 0.040      ; 0.386      ;
; 0.262 ; if_id:S_IF_ID|regis16:R_Inst_IF|R[13] ; if_id:S_IF_ID|Inst_ID_reg[13]           ; clock        ; clock       ; 0.000        ; 0.041      ; 0.387      ;
; 0.262 ; pc:PC_IF|regis16:R_PC_in|R[11]        ; pc:PC_IF|PC_out_reg[11]                 ; clock        ; clock       ; 0.000        ; 0.041      ; 0.387      ;
; 0.262 ; pc:PC_IF|regis16:R_PC_in|R[9]         ; pc:PC_IF|PC_out_reg[9]                  ; clock        ; clock       ; 0.000        ; 0.041      ; 0.387      ;
; 0.263 ; id_ex:S_ID_EX|regis16:R_RT|R[12]      ; id_ex:S_ID_EX|RT_Data_EX_reg[12]        ; clock        ; clock       ; 0.000        ; 0.040      ; 0.387      ;
; 0.263 ; mem_wb:S_MEM_WB|regis16:R_ALU_R|R[11] ; mem_wb:S_MEM_WB|ALU_R_WB_reg[11]        ; clock        ; clock       ; 0.000        ; 0.040      ; 0.387      ;
; 0.263 ; ex_mem:S_EX_MEM|regis16:R_ALU_R|R[11] ; ex_mem:S_EX_MEM|ALU_R_MEM_reg[11]       ; clock        ; clock       ; 0.000        ; 0.039      ; 0.386      ;
; 0.263 ; id_ex:S_ID_EX|regis16:R_RT|R[11]      ; id_ex:S_ID_EX|RT_Data_EX_reg[11]        ; clock        ; clock       ; 0.000        ; 0.041      ; 0.388      ;
; 0.263 ; id_ex:S_ID_EX|regis16:R_RT|R[9]       ; id_ex:S_ID_EX|RT_Data_EX_reg[9]         ; clock        ; clock       ; 0.000        ; 0.040      ; 0.387      ;
; 0.263 ; ex_mem:S_EX_MEM|regis4:R_RW|R[2]      ; ex_mem:S_EX_MEM|RW_MEM_reg[2]           ; clock        ; clock       ; 0.000        ; 0.040      ; 0.387      ;
; 0.263 ; mem_wb:S_MEM_WB|regis4:R_RW|R[0]      ; mem_wb:S_MEM_WB|RW_WB_reg[0]            ; clock        ; clock       ; 0.000        ; 0.041      ; 0.388      ;
; 0.263 ; pc:PC_IF|regis16:R_PC_in|R[15]        ; pc:PC_IF|PC_out_reg[15]                 ; clock        ; clock       ; 0.000        ; 0.040      ; 0.387      ;
; 0.263 ; pc:PC_IF|regis16:R_PC_in|R[14]        ; pc:PC_IF|PC_out_reg[14]                 ; clock        ; clock       ; 0.000        ; 0.040      ; 0.387      ;
; 0.264 ; id_ex:S_ID_EX|regis16:R_RT|R[14]      ; id_ex:S_ID_EX|RT_Data_EX_reg[14]        ; clock        ; clock       ; 0.000        ; 0.040      ; 0.388      ;
; 0.264 ; id_ex:S_ID_EX|regis16:R_RT|R[13]      ; id_ex:S_ID_EX|RT_Data_EX_reg[13]        ; clock        ; clock       ; 0.000        ; 0.040      ; 0.388      ;
; 0.264 ; id_ex:S_ID_EX|regis16:R_RT|R[8]       ; id_ex:S_ID_EX|RT_Data_EX_reg[8]         ; clock        ; clock       ; 0.000        ; 0.040      ; 0.388      ;
; 0.264 ; id_ex:S_ID_EX|regis16:R_RT|R[6]       ; id_ex:S_ID_EX|RT_Data_EX_reg[6]         ; clock        ; clock       ; 0.000        ; 0.040      ; 0.388      ;
; 0.264 ; data_memory:Data_Mem|read_reg[3]      ; mem_wb:S_MEM_WB|regis16:R_ReadData|R[3] ; clock        ; clock       ; 0.000        ; 0.040      ; 0.388      ;
; 0.264 ; id_ex:S_ID_EX|Src_A_reg[0]            ; ex_mem:S_EX_MEM|regis16:R_ALU_R|R[0]    ; clock        ; clock       ; 0.000        ; 0.041      ; 0.389      ;
; 0.264 ; ex_mem:S_EX_MEM|regis4:R_M_in|R[1]    ; ex_mem:S_EX_MEM|M_out_reg[1]            ; clock        ; clock       ; 0.000        ; 0.040      ; 0.388      ;
; 0.264 ; if_id:S_IF_ID|Inst_ID_reg[13]         ; id_ex:S_ID_EX|regis4:R_EX_in|R[1]       ; clock        ; clock       ; 0.000        ; 0.041      ; 0.389      ;
; 0.265 ; mem_wb:S_MEM_WB|regis16:R_ALU_R|R[0]  ; mem_wb:S_MEM_WB|ALU_R_WB_reg[0]         ; clock        ; clock       ; 0.000        ; 0.040      ; 0.389      ;
; 0.265 ; if_id:S_IF_ID|regis16:R_Inst_IF|R[2]  ; if_id:S_IF_ID|Inst_ID_reg[2]            ; clock        ; clock       ; 0.000        ; 0.041      ; 0.390      ;
; 0.265 ; pc:PC_IF|regis16:R_PC_in|R[13]        ; pc:PC_IF|PC_out_reg[13]                 ; clock        ; clock       ; 0.000        ; 0.041      ; 0.390      ;
; 0.266 ; ex_mem:S_EX_MEM|regis16:R_ALU_R|R[0]  ; ex_mem:S_EX_MEM|ALU_R_MEM_reg[0]        ; clock        ; clock       ; 0.000        ; 0.040      ; 0.390      ;
; 0.267 ; id_ex:S_ID_EX|regis16:R_RS|R[15]      ; id_ex:S_ID_EX|Src_A_reg[15]             ; clock        ; clock       ; 0.000        ; 0.040      ; 0.391      ;
; 0.267 ; ex_mem:S_EX_MEM|ALU_R_MEM_reg[9]      ; mem_wb:S_MEM_WB|regis16:R_ALU_R|R[9]    ; clock        ; clock       ; 0.000        ; 0.040      ; 0.391      ;
; 0.267 ; mem_wb:S_MEM_WB|regis16:R_ALU_R|R[3]  ; mem_wb:S_MEM_WB|ALU_R_WB_reg[3]         ; clock        ; clock       ; 0.000        ; 0.040      ; 0.391      ;
; 0.269 ; ex_mem:S_EX_MEM|regis4:R_RW|R[0]      ; ex_mem:S_EX_MEM|RW_MEM_reg[0]           ; clock        ; clock       ; 0.000        ; 0.040      ; 0.393      ;
; 0.270 ; ex_mem:S_EX_MEM|regis16:R_ALU_R|R[5]  ; ex_mem:S_EX_MEM|ALU_R_MEM_reg[5]        ; clock        ; clock       ; 0.000        ; 0.039      ; 0.393      ;
; 0.271 ; ex_mem:S_EX_MEM|regis16:R_ALU_R|R[13] ; ex_mem:S_EX_MEM|ALU_R_MEM_reg[13]       ; clock        ; clock       ; 0.000        ; 0.039      ; 0.394      ;
; 0.271 ; pc:PC_IF|PC_out_reg[5]                ; pc:PC_IF|regis16:R_PC_in|R[5]           ; clock        ; clock       ; 0.000        ; 0.041      ; 0.396      ;
; 0.273 ; pc:PC_IF|PC_out_reg[3]                ; pc:PC_IF|regis16:R_PC_in|R[3]           ; clock        ; clock       ; 0.000        ; 0.040      ; 0.397      ;
; 0.274 ; pc:PC_IF|PC_out_reg[5]                ; pc:PC_IF|regis16:R_PC_in|R[6]           ; clock        ; clock       ; 0.000        ; 0.041      ; 0.399      ;
; 0.275 ; pc:PC_IF|PC_out_reg[3]                ; pc:PC_IF|regis16:R_PC_in|R[4]           ; clock        ; clock       ; 0.000        ; 0.040      ; 0.399      ;
; 0.276 ; pc:PC_IF|PC_out_reg[5]                ; pc:PC_IF|regis16:R_PC_in|R[7]           ; clock        ; clock       ; 0.000        ; 0.041      ; 0.401      ;
; 0.276 ; pc:PC_IF|PC_out_reg[1]                ; pc:PC_IF|regis16:R_PC_in|R[2]           ; clock        ; clock       ; 0.000        ; 0.040      ; 0.400      ;
; 0.279 ; pc:PC_IF|PC_out_reg[3]                ; if_id:S_IF_ID|regis16:R_Inst_IF|R[2]    ; clock        ; clock       ; 0.000        ; 0.040      ; 0.403      ;
; 0.281 ; pc:PC_IF|PC_out_reg[3]                ; if_id:S_IF_ID|regis16:R_Inst_IF|R[1]    ; clock        ; clock       ; 0.000        ; 0.040      ; 0.405      ;
; 0.282 ; pc:PC_IF|PC_out_reg[1]                ; pc:PC_IF|regis16:R_PC_in|R[1]           ; clock        ; clock       ; 0.000        ; 0.040      ; 0.406      ;
; 0.294 ; phase_cnt[1]                          ; phase_cnt[2]                            ; clock        ; clock       ; 0.000        ; 0.041      ; 0.419      ;
; 0.295 ; phase_cnt[1]                          ; phase_cnt[3]                            ; clock        ; clock       ; 0.000        ; 0.041      ; 0.420      ;
; 0.301 ; phase_cnt[2]                          ; phase_cnt[3]                            ; clock        ; clock       ; 0.000        ; 0.041      ; 0.426      ;
; 0.303 ; pc:PC_IF|PC_out_reg[13]               ; pc:PC_IF|regis16:R_PC_in|R[13]          ; clock        ; clock       ; 0.000        ; 0.041      ; 0.428      ;
; 0.305 ; pc:PC_IF|PC_out_reg[10]               ; pc:PC_IF|regis16:R_PC_in|R[10]          ; clock        ; clock       ; 0.000        ; 0.041      ; 0.430      ;
; 0.313 ; pc:PC_IF|PC_out_reg[14]               ; pc:PC_IF|regis16:R_PC_in|R[14]          ; clock        ; clock       ; 0.000        ; 0.040      ; 0.437      ;
; 0.322 ; id_ex:S_ID_EX|regis16:R_RS|R[4]       ; id_ex:S_ID_EX|Src_A_reg[4]              ; clock        ; clock       ; 0.000        ; 0.206      ; 0.612      ;
; 0.325 ; pc:PC_IF|PC_out_reg[9]                ; pc:PC_IF|regis16:R_PC_in|R[10]          ; clock        ; clock       ; 0.000        ; 0.041      ; 0.450      ;
; 0.325 ; pc:PC_IF|PC_out_reg[1]                ; pc:PC_IF|regis16:R_PC_in|R[3]           ; clock        ; clock       ; 0.000        ; 0.040      ; 0.449      ;
; 0.328 ; mem_wb:S_MEM_WB|regis16:R_ALU_R|R[15] ; mem_wb:S_MEM_WB|ALU_R_WB_reg[15]        ; clock        ; clock       ; 0.000        ; 0.041      ; 0.453      ;
; 0.328 ; pc:PC_IF|PC_out_reg[2]                ; pc:PC_IF|regis16:R_PC_in|R[3]           ; clock        ; clock       ; 0.000        ; 0.040      ; 0.452      ;
; 0.329 ; id_ex:S_ID_EX|regis16:R_RS|R[10]      ; id_ex:S_ID_EX|Src_A_reg[10]             ; clock        ; clock       ; 0.000        ; 0.206      ; 0.619      ;
+-------+---------------------------------------+-----------------------------------------+--------------+-------------+--------------+------------+------------+


+---------------------------------------------------------------------------------------------------------------+
; Fast 1200mV 0C Model Hold: 'CLOCK_50'                                                                         ;
+-------+----------------+----------------+--------------+-------------+--------------+------------+------------+
; Slack ; From Node      ; To Node        ; Launch Clock ; Latch Clock ; Relationship ; Clock Skew ; Data Delay ;
+-------+----------------+----------------+--------------+-------------+--------------+------------+------------+
; 0.198 ; clockticks[12] ; clockticks[12] ; CLOCK_50     ; CLOCK_50    ; 0.000        ; 0.042      ; 0.324      ;
; 0.249 ; clockticks[9]  ; clockticks[10] ; CLOCK_50     ; CLOCK_50    ; 0.000        ; 0.246      ; 0.579      ;
; 0.259 ; clockticks[8]  ; clockticks[10] ; CLOCK_50     ; CLOCK_50    ; 0.000        ; 0.246      ; 0.589      ;
; 0.287 ; clockticks[1]  ; clockticks[1]  ; CLOCK_50     ; CLOCK_50    ; 0.000        ; 0.042      ; 0.413      ;
; 0.295 ; clockticks[11] ; clockticks[11] ; CLOCK_50     ; CLOCK_50    ; 0.000        ; 0.051      ; 0.430      ;
; 0.298 ; clockticks[10] ; clockticks[10] ; CLOCK_50     ; CLOCK_50    ; 0.000        ; 0.051      ; 0.433      ;
; 0.300 ; clockticks[0]  ; clockticks[0]  ; CLOCK_50     ; CLOCK_50    ; 0.000        ; 0.042      ; 0.426      ;
; 0.301 ; clockticks[2]  ; clockticks[2]  ; CLOCK_50     ; CLOCK_50    ; 0.000        ; 0.042      ; 0.427      ;
; 0.302 ; clockticks[8]  ; clockticks[8]  ; CLOCK_50     ; CLOCK_50    ; 0.000        ; 0.042      ; 0.428      ;
; 0.303 ; clockticks[3]  ; clockticks[3]  ; CLOCK_50     ; CLOCK_50    ; 0.000        ; 0.042      ; 0.429      ;
; 0.304 ; clockticks[9]  ; clockticks[9]  ; CLOCK_50     ; CLOCK_50    ; 0.000        ; 0.042      ; 0.430      ;
; 0.305 ; clockticks[5]  ; clockticks[5]  ; CLOCK_50     ; CLOCK_50    ; 0.000        ; 0.042      ; 0.431      ;
; 0.305 ; clockticks[7]  ; clockticks[7]  ; CLOCK_50     ; CLOCK_50    ; 0.000        ; 0.042      ; 0.431      ;
; 0.305 ; clockticks[4]  ; clockticks[4]  ; CLOCK_50     ; CLOCK_50    ; 0.000        ; 0.042      ; 0.431      ;
; 0.306 ; clockticks[6]  ; clockticks[6]  ; CLOCK_50     ; CLOCK_50    ; 0.000        ; 0.042      ; 0.432      ;
; 0.312 ; clockticks[9]  ; clockticks[11] ; CLOCK_50     ; CLOCK_50    ; 0.000        ; 0.246      ; 0.642      ;
; 0.316 ; clockticks[7]  ; clockticks[10] ; CLOCK_50     ; CLOCK_50    ; 0.000        ; 0.246      ; 0.646      ;
; 0.322 ; clockticks[8]  ; clockticks[11] ; CLOCK_50     ; CLOCK_50    ; 0.000        ; 0.246      ; 0.652      ;
; 0.329 ; clockticks[6]  ; clockticks[10] ; CLOCK_50     ; CLOCK_50    ; 0.000        ; 0.246      ; 0.659      ;
; 0.373 ; clockticks[12] ; clock          ; CLOCK_50     ; CLOCK_50    ; 0.000        ; 0.043      ; 0.500      ;
; 0.379 ; clockticks[7]  ; clockticks[11] ; CLOCK_50     ; CLOCK_50    ; 0.000        ; 0.246      ; 0.709      ;
; 0.382 ; clockticks[5]  ; clockticks[10] ; CLOCK_50     ; CLOCK_50    ; 0.000        ; 0.246      ; 0.712      ;
; 0.392 ; clockticks[6]  ; clockticks[11] ; CLOCK_50     ; CLOCK_50    ; 0.000        ; 0.246      ; 0.722      ;
; 0.394 ; clockticks[4]  ; clockticks[10] ; CLOCK_50     ; CLOCK_50    ; 0.000        ; 0.246      ; 0.724      ;
; 0.436 ; clockticks[1]  ; clockticks[2]  ; CLOCK_50     ; CLOCK_50    ; 0.000        ; 0.042      ; 0.562      ;
; 0.445 ; clockticks[5]  ; clockticks[11] ; CLOCK_50     ; CLOCK_50    ; 0.000        ; 0.246      ; 0.775      ;
; 0.446 ; clockticks[3]  ; clockticks[10] ; CLOCK_50     ; CLOCK_50    ; 0.000        ; 0.246      ; 0.776      ;
; 0.447 ; clockticks[0]  ; clockticks[1]  ; CLOCK_50     ; CLOCK_50    ; 0.000        ; 0.042      ; 0.573      ;
; 0.450 ; clockticks[0]  ; clockticks[2]  ; CLOCK_50     ; CLOCK_50    ; 0.000        ; 0.042      ; 0.576      ;
; 0.452 ; clockticks[3]  ; clockticks[4]  ; CLOCK_50     ; CLOCK_50    ; 0.000        ; 0.042      ; 0.578      ;
; 0.454 ; clockticks[7]  ; clockticks[8]  ; CLOCK_50     ; CLOCK_50    ; 0.000        ; 0.042      ; 0.580      ;
; 0.454 ; clockticks[5]  ; clockticks[6]  ; CLOCK_50     ; CLOCK_50    ; 0.000        ; 0.042      ; 0.580      ;
; 0.456 ; clockticks[10] ; clockticks[11] ; CLOCK_50     ; CLOCK_50    ; 0.000        ; 0.051      ; 0.591      ;
; 0.456 ; clockticks[2]  ; clockticks[10] ; CLOCK_50     ; CLOCK_50    ; 0.000        ; 0.246      ; 0.786      ;
; 0.457 ; clockticks[4]  ; clockticks[11] ; CLOCK_50     ; CLOCK_50    ; 0.000        ; 0.246      ; 0.787      ;
; 0.459 ; clockticks[2]  ; clockticks[3]  ; CLOCK_50     ; CLOCK_50    ; 0.000        ; 0.042      ; 0.585      ;
; 0.460 ; clockticks[8]  ; clockticks[9]  ; CLOCK_50     ; CLOCK_50    ; 0.000        ; 0.042      ; 0.586      ;
; 0.462 ; clockticks[2]  ; clockticks[4]  ; CLOCK_50     ; CLOCK_50    ; 0.000        ; 0.042      ; 0.588      ;
; 0.463 ; clockticks[4]  ; clockticks[5]  ; CLOCK_50     ; CLOCK_50    ; 0.000        ; 0.042      ; 0.589      ;
; 0.464 ; clockticks[6]  ; clockticks[7]  ; CLOCK_50     ; CLOCK_50    ; 0.000        ; 0.042      ; 0.590      ;
; 0.466 ; clockticks[4]  ; clockticks[6]  ; CLOCK_50     ; CLOCK_50    ; 0.000        ; 0.042      ; 0.592      ;
; 0.467 ; clockticks[6]  ; clockticks[8]  ; CLOCK_50     ; CLOCK_50    ; 0.000        ; 0.042      ; 0.593      ;
; 0.482 ; clockticks[12] ; clockticks[11] ; CLOCK_50     ; CLOCK_50    ; 0.000        ; 0.246      ; 0.812      ;
; 0.482 ; clockticks[12] ; clockticks[10] ; CLOCK_50     ; CLOCK_50    ; 0.000        ; 0.246      ; 0.812      ;
; 0.496 ; clockticks[1]  ; clockticks[10] ; CLOCK_50     ; CLOCK_50    ; 0.000        ; 0.246      ; 0.826      ;
; 0.498 ; clockticks[8]  ; clock          ; CLOCK_50     ; CLOCK_50    ; 0.000        ; 0.043      ; 0.625      ;
; 0.499 ; clockticks[1]  ; clockticks[3]  ; CLOCK_50     ; CLOCK_50    ; 0.000        ; 0.042      ; 0.625      ;
; 0.501 ; clockticks[9]  ; clock          ; CLOCK_50     ; CLOCK_50    ; 0.000        ; 0.043      ; 0.628      ;
; 0.502 ; clockticks[1]  ; clockticks[4]  ; CLOCK_50     ; CLOCK_50    ; 0.000        ; 0.042      ; 0.628      ;
; 0.509 ; clockticks[3]  ; clockticks[11] ; CLOCK_50     ; CLOCK_50    ; 0.000        ; 0.246      ; 0.839      ;
; 0.510 ; clockticks[0]  ; clockticks[10] ; CLOCK_50     ; CLOCK_50    ; 0.000        ; 0.246      ; 0.840      ;
; 0.513 ; clockticks[0]  ; clockticks[3]  ; CLOCK_50     ; CLOCK_50    ; 0.000        ; 0.042      ; 0.639      ;
; 0.515 ; clockticks[3]  ; clockticks[5]  ; CLOCK_50     ; CLOCK_50    ; 0.000        ; 0.042      ; 0.641      ;
; 0.516 ; clockticks[0]  ; clockticks[4]  ; CLOCK_50     ; CLOCK_50    ; 0.000        ; 0.042      ; 0.642      ;
; 0.517 ; clockticks[7]  ; clockticks[9]  ; CLOCK_50     ; CLOCK_50    ; 0.000        ; 0.042      ; 0.643      ;
; 0.517 ; clockticks[5]  ; clockticks[7]  ; CLOCK_50     ; CLOCK_50    ; 0.000        ; 0.042      ; 0.643      ;
; 0.518 ; clockticks[3]  ; clockticks[6]  ; CLOCK_50     ; CLOCK_50    ; 0.000        ; 0.042      ; 0.644      ;
; 0.519 ; clockticks[9]  ; clockticks[12] ; CLOCK_50     ; CLOCK_50    ; 0.000        ; 0.042      ; 0.645      ;
; 0.519 ; clockticks[2]  ; clockticks[11] ; CLOCK_50     ; CLOCK_50    ; 0.000        ; 0.246      ; 0.849      ;
; 0.520 ; clockticks[5]  ; clockticks[8]  ; CLOCK_50     ; CLOCK_50    ; 0.000        ; 0.042      ; 0.646      ;
; 0.525 ; clockticks[2]  ; clockticks[5]  ; CLOCK_50     ; CLOCK_50    ; 0.000        ; 0.042      ; 0.651      ;
; 0.528 ; clockticks[2]  ; clockticks[6]  ; CLOCK_50     ; CLOCK_50    ; 0.000        ; 0.042      ; 0.654      ;
; 0.529 ; clockticks[4]  ; clockticks[7]  ; CLOCK_50     ; CLOCK_50    ; 0.000        ; 0.042      ; 0.655      ;
; 0.529 ; clockticks[8]  ; clockticks[12] ; CLOCK_50     ; CLOCK_50    ; 0.000        ; 0.042      ; 0.655      ;
; 0.530 ; clockticks[6]  ; clockticks[9]  ; CLOCK_50     ; CLOCK_50    ; 0.000        ; 0.042      ; 0.656      ;
; 0.532 ; clockticks[4]  ; clockticks[8]  ; CLOCK_50     ; CLOCK_50    ; 0.000        ; 0.042      ; 0.658      ;
; 0.559 ; clockticks[1]  ; clockticks[11] ; CLOCK_50     ; CLOCK_50    ; 0.000        ; 0.246      ; 0.889      ;
; 0.565 ; clockticks[1]  ; clockticks[5]  ; CLOCK_50     ; CLOCK_50    ; 0.000        ; 0.042      ; 0.691      ;
; 0.568 ; clockticks[1]  ; clockticks[6]  ; CLOCK_50     ; CLOCK_50    ; 0.000        ; 0.042      ; 0.694      ;
; 0.569 ; clockticks[11] ; clockticks[10] ; CLOCK_50     ; CLOCK_50    ; 0.000        ; 0.051      ; 0.704      ;
; 0.573 ; clockticks[0]  ; clockticks[11] ; CLOCK_50     ; CLOCK_50    ; 0.000        ; 0.246      ; 0.903      ;
; 0.579 ; clockticks[0]  ; clockticks[5]  ; CLOCK_50     ; CLOCK_50    ; 0.000        ; 0.042      ; 0.705      ;
; 0.581 ; clockticks[3]  ; clockticks[7]  ; CLOCK_50     ; CLOCK_50    ; 0.000        ; 0.042      ; 0.707      ;
; 0.582 ; clockticks[0]  ; clockticks[6]  ; CLOCK_50     ; CLOCK_50    ; 0.000        ; 0.042      ; 0.708      ;
; 0.583 ; clockticks[5]  ; clockticks[9]  ; CLOCK_50     ; CLOCK_50    ; 0.000        ; 0.042      ; 0.709      ;
; 0.584 ; clockticks[3]  ; clockticks[8]  ; CLOCK_50     ; CLOCK_50    ; 0.000        ; 0.042      ; 0.710      ;
; 0.586 ; clockticks[7]  ; clockticks[12] ; CLOCK_50     ; CLOCK_50    ; 0.000        ; 0.042      ; 0.712      ;
; 0.591 ; clockticks[2]  ; clockticks[7]  ; CLOCK_50     ; CLOCK_50    ; 0.000        ; 0.042      ; 0.717      ;
; 0.594 ; clockticks[2]  ; clockticks[8]  ; CLOCK_50     ; CLOCK_50    ; 0.000        ; 0.042      ; 0.720      ;
; 0.595 ; clockticks[4]  ; clockticks[9]  ; CLOCK_50     ; CLOCK_50    ; 0.000        ; 0.042      ; 0.721      ;
; 0.599 ; clockticks[7]  ; clock          ; CLOCK_50     ; CLOCK_50    ; 0.000        ; 0.043      ; 0.726      ;
; 0.599 ; clockticks[6]  ; clockticks[12] ; CLOCK_50     ; CLOCK_50    ; 0.000        ; 0.042      ; 0.725      ;
; 0.631 ; clockticks[1]  ; clockticks[7]  ; CLOCK_50     ; CLOCK_50    ; 0.000        ; 0.042      ; 0.757      ;
; 0.634 ; clockticks[1]  ; clockticks[8]  ; CLOCK_50     ; CLOCK_50    ; 0.000        ; 0.042      ; 0.760      ;
; 0.645 ; clockticks[0]  ; clockticks[7]  ; CLOCK_50     ; CLOCK_50    ; 0.000        ; 0.042      ; 0.771      ;
; 0.647 ; clockticks[3]  ; clockticks[9]  ; CLOCK_50     ; CLOCK_50    ; 0.000        ; 0.042      ; 0.773      ;
; 0.648 ; clockticks[11] ; clockticks[12] ; CLOCK_50     ; CLOCK_50    ; 0.000        ; -0.153     ; 0.579      ;
; 0.648 ; clockticks[0]  ; clockticks[8]  ; CLOCK_50     ; CLOCK_50    ; 0.000        ; 0.042      ; 0.774      ;
; 0.652 ; clockticks[5]  ; clockticks[12] ; CLOCK_50     ; CLOCK_50    ; 0.000        ; 0.042      ; 0.778      ;
; 0.657 ; clockticks[2]  ; clockticks[9]  ; CLOCK_50     ; CLOCK_50    ; 0.000        ; 0.042      ; 0.783      ;
; 0.661 ; clockticks[3]  ; clock          ; CLOCK_50     ; CLOCK_50    ; 0.000        ; 0.043      ; 0.788      ;
; 0.663 ; clockticks[10] ; clockticks[12] ; CLOCK_50     ; CLOCK_50    ; 0.000        ; -0.153     ; 0.594      ;
; 0.664 ; clockticks[4]  ; clockticks[12] ; CLOCK_50     ; CLOCK_50    ; 0.000        ; 0.042      ; 0.790      ;
; 0.681 ; clockticks[11] ; clock          ; CLOCK_50     ; CLOCK_50    ; 0.000        ; -0.152     ; 0.613      ;
; 0.686 ; clockticks[12] ; clockticks[3]  ; CLOCK_50     ; CLOCK_50    ; 0.000        ; 0.042      ; 0.812      ;
; 0.686 ; clockticks[12] ; clockticks[5]  ; CLOCK_50     ; CLOCK_50    ; 0.000        ; 0.042      ; 0.812      ;
; 0.686 ; clockticks[12] ; clockticks[6]  ; CLOCK_50     ; CLOCK_50    ; 0.000        ; 0.042      ; 0.812      ;
; 0.686 ; clockticks[12] ; clockticks[8]  ; CLOCK_50     ; CLOCK_50    ; 0.000        ; 0.042      ; 0.812      ;
; 0.686 ; clockticks[12] ; clockticks[9]  ; CLOCK_50     ; CLOCK_50    ; 0.000        ; 0.042      ; 0.812      ;
; 0.686 ; clockticks[12] ; clockticks[7]  ; CLOCK_50     ; CLOCK_50    ; 0.000        ; 0.042      ; 0.812      ;
+-------+----------------+----------------+--------------+-------------+--------------+------------+------------+


----------------------------------------------
; Fast 1200mV 0C Model Metastability Summary ;
----------------------------------------------
No synchronizer chains to report.


+--------------------------------------------------------------------------------+
; Multicorner Timing Analysis Summary                                            ;
+------------------+----------+-------+----------+---------+---------------------+
; Clock            ; Setup    ; Hold  ; Recovery ; Removal ; Minimum Pulse Width ;
+------------------+----------+-------+----------+---------+---------------------+
; Worst-case Slack ; -7.373   ; 0.182 ; N/A      ; N/A     ; -3.000              ;
;  CLOCK_50        ; -1.658   ; 0.198 ; N/A      ; N/A     ; -3.000              ;
;  clock           ; -7.373   ; 0.182 ; N/A      ; N/A     ; -1.285              ;
; Design-wide TNS  ; -754.144 ; 0.0   ; 0.0      ; 0.0     ; -464.315            ;
;  CLOCK_50        ; -22.040  ; 0.000 ; N/A      ; N/A     ; -20.990             ;
;  clock           ; -732.104 ; 0.000 ; N/A      ; N/A     ; -443.325            ;
+------------------+----------+-------+----------+---------+---------------------+


+------------------------------------------------------------------------------------------------------------------------------------------------------------------------------------------------------------------------------------------------------------------------------------------------------------------------------------------------------------------------------------------------------------------+
; Board Trace Model Assignments                                                                                                                                                                                                                                                                                                                                                                                    ;
+---------------+--------------+-------------------+-------------------------+-------------------------+---------------+---------------------+----------------+------------------+--------+------------------+------------------------+------------------------+--------------+---------------+-----------------+-------+---------------------+--------------------+---------------+-----------------+-------------+
; Pin           ; I/O Standard ; Near Tline Length ; Near Tline L per Length ; Near Tline C per Length ; Near Series R ; Near Differential R ; Near Pull-up R ; Near Pull-down R ; Near C ; Far Tline Length ; Far Tline L per Length ; Far Tline C per Length ; Far Series R ; Far Pull-up R ; Far Pull-down R ; Far C ; Termination Voltage ; Far Differential R ; EBD File Name ; EBD Signal Name ; EBD Far-end ;
+---------------+--------------+-------------------+-------------------------+-------------------------+---------------+---------------------+----------------+------------------+--------+------------------+------------------------+------------------------+--------------+---------------+-----------------+-------+---------------------+--------------------+---------------+-----------------+-------------+
; hex0[6]       ; 2.5 V        ; 0 in              ; 0 H/in                  ; 0 F/in                  ; short         ; -                   ; open           ; open             ; open   ; 0 in             ; 0 H/in                 ; 0 F/in                 ; short        ; open          ; open            ; open  ; 0 V                 ; -                  ; n/a           ; n/a             ; n/a         ;
; hex0[5]       ; 2.5 V        ; 0 in              ; 0 H/in                  ; 0 F/in                  ; short         ; -                   ; open           ; open             ; open   ; 0 in             ; 0 H/in                 ; 0 F/in                 ; short        ; open          ; open            ; open  ; 0 V                 ; -                  ; n/a           ; n/a             ; n/a         ;
; hex0[4]       ; 2.5 V        ; 0 in              ; 0 H/in                  ; 0 F/in                  ; short         ; -                   ; open           ; open             ; open   ; 0 in             ; 0 H/in                 ; 0 F/in                 ; short        ; open          ; open            ; open  ; 0 V                 ; -                  ; n/a           ; n/a             ; n/a         ;
; hex0[3]       ; 2.5 V        ; 0 in              ; 0 H/in                  ; 0 F/in                  ; short         ; -                   ; open           ; open             ; open   ; 0 in             ; 0 H/in                 ; 0 F/in                 ; short        ; open          ; open            ; open  ; 0 V                 ; -                  ; n/a           ; n/a             ; n/a         ;
; hex0[2]       ; 2.5 V        ; 0 in              ; 0 H/in                  ; 0 F/in                  ; short         ; -                   ; open           ; open             ; open   ; 0 in             ; 0 H/in                 ; 0 F/in                 ; short        ; open          ; open            ; open  ; 0 V                 ; -                  ; n/a           ; n/a             ; n/a         ;
; hex0[1]       ; 2.5 V        ; 0 in              ; 0 H/in                  ; 0 F/in                  ; short         ; -                   ; open           ; open             ; open   ; 0 in             ; 0 H/in                 ; 0 F/in                 ; short        ; open          ; open            ; open  ; 0 V                 ; -                  ; n/a           ; n/a             ; n/a         ;
; hex0[0]       ; 2.5 V        ; 0 in              ; 0 H/in                  ; 0 F/in                  ; short         ; -                   ; open           ; open             ; open   ; 0 in             ; 0 H/in                 ; 0 F/in                 ; short        ; open          ; open            ; open  ; 0 V                 ; -                  ; n/a           ; n/a             ; n/a         ;
; hex2[6]       ; 2.5 V        ; 0 in              ; 0 H/in                  ; 0 F/in                  ; short         ; -                   ; open           ; open             ; open   ; 0 in             ; 0 H/in                 ; 0 F/in                 ; short        ; open          ; open            ; open  ; 0 V                 ; -                  ; n/a           ; n/a             ; n/a         ;
; hex2[5]       ; 2.5 V        ; 0 in              ; 0 H/in                  ; 0 F/in                  ; short         ; -                   ; open           ; open             ; open   ; 0 in             ; 0 H/in                 ; 0 F/in                 ; short        ; open          ; open            ; open  ; 0 V                 ; -                  ; n/a           ; n/a             ; n/a         ;
; hex2[4]       ; 2.5 V        ; 0 in              ; 0 H/in                  ; 0 F/in                  ; short         ; -                   ; open           ; open             ; open   ; 0 in             ; 0 H/in                 ; 0 F/in                 ; short        ; open          ; open            ; open  ; 0 V                 ; -                  ; n/a           ; n/a             ; n/a         ;
; hex2[3]       ; 2.5 V        ; 0 in              ; 0 H/in                  ; 0 F/in                  ; short         ; -                   ; open           ; open             ; open   ; 0 in             ; 0 H/in                 ; 0 F/in                 ; short        ; open          ; open            ; open  ; 0 V                 ; -                  ; n/a           ; n/a             ; n/a         ;
; hex2[2]       ; 2.5 V        ; 0 in              ; 0 H/in                  ; 0 F/in                  ; short         ; -                   ; open           ; open             ; open   ; 0 in             ; 0 H/in                 ; 0 F/in                 ; short        ; open          ; open            ; open  ; 0 V                 ; -                  ; n/a           ; n/a             ; n/a         ;
; hex2[1]       ; 2.5 V        ; 0 in              ; 0 H/in                  ; 0 F/in                  ; short         ; -                   ; open           ; open             ; open   ; 0 in             ; 0 H/in                 ; 0 F/in                 ; short        ; open          ; open            ; open  ; 0 V                 ; -                  ; n/a           ; n/a             ; n/a         ;
; hex2[0]       ; 2.5 V        ; 0 in              ; 0 H/in                  ; 0 F/in                  ; short         ; -                   ; open           ; open             ; open   ; 0 in             ; 0 H/in                 ; 0 F/in                 ; short        ; open          ; open            ; open  ; 0 V                 ; -                  ; n/a           ; n/a             ; n/a         ;
; hex3[6]       ; 2.5 V        ; 0 in              ; 0 H/in                  ; 0 F/in                  ; short         ; -                   ; open           ; open             ; open   ; 0 in             ; 0 H/in                 ; 0 F/in                 ; short        ; open          ; open            ; open  ; 0 V                 ; -                  ; n/a           ; n/a             ; n/a         ;
; hex3[5]       ; 2.5 V        ; 0 in              ; 0 H/in                  ; 0 F/in                  ; short         ; -                   ; open           ; open             ; open   ; 0 in             ; 0 H/in                 ; 0 F/in                 ; short        ; open          ; open            ; open  ; 0 V                 ; -                  ; n/a           ; n/a             ; n/a         ;
; hex3[4]       ; 2.5 V        ; 0 in              ; 0 H/in                  ; 0 F/in                  ; short         ; -                   ; open           ; open             ; open   ; 0 in             ; 0 H/in                 ; 0 F/in                 ; short        ; open          ; open            ; open  ; 0 V                 ; -                  ; n/a           ; n/a             ; n/a         ;
; hex3[3]       ; 2.5 V        ; 0 in              ; 0 H/in                  ; 0 F/in                  ; short         ; -                   ; open           ; open             ; open   ; 0 in             ; 0 H/in                 ; 0 F/in                 ; short        ; open          ; open            ; open  ; 0 V                 ; -                  ; n/a           ; n/a             ; n/a         ;
; hex3[2]       ; 2.5 V        ; 0 in              ; 0 H/in                  ; 0 F/in                  ; short         ; -                   ; open           ; open             ; open   ; 0 in             ; 0 H/in                 ; 0 F/in                 ; short        ; open          ; open            ; open  ; 0 V                 ; -                  ; n/a           ; n/a             ; n/a         ;
; hex3[1]       ; 2.5 V        ; 0 in              ; 0 H/in                  ; 0 F/in                  ; short         ; -                   ; open           ; open             ; open   ; 0 in             ; 0 H/in                 ; 0 F/in                 ; short        ; open          ; open            ; open  ; 0 V                 ; -                  ; n/a           ; n/a             ; n/a         ;
; hex3[0]       ; 2.5 V        ; 0 in              ; 0 H/in                  ; 0 F/in                  ; short         ; -                   ; open           ; open             ; open   ; 0 in             ; 0 H/in                 ; 0 F/in                 ; short        ; open          ; open            ; open  ; 0 V                 ; -                  ; n/a           ; n/a             ; n/a         ;
; hex4[6]       ; 2.5 V        ; 0 in              ; 0 H/in                  ; 0 F/in                  ; short         ; -                   ; open           ; open             ; open   ; 0 in             ; 0 H/in                 ; 0 F/in                 ; short        ; open          ; open            ; open  ; 0 V                 ; -                  ; n/a           ; n/a             ; n/a         ;
; hex4[5]       ; 2.5 V        ; 0 in              ; 0 H/in                  ; 0 F/in                  ; short         ; -                   ; open           ; open             ; open   ; 0 in             ; 0 H/in                 ; 0 F/in                 ; short        ; open          ; open            ; open  ; 0 V                 ; -                  ; n/a           ; n/a             ; n/a         ;
; hex4[4]       ; 2.5 V        ; 0 in              ; 0 H/in                  ; 0 F/in                  ; short         ; -                   ; open           ; open             ; open   ; 0 in             ; 0 H/in                 ; 0 F/in                 ; short        ; open          ; open            ; open  ; 0 V                 ; -                  ; n/a           ; n/a             ; n/a         ;
; hex4[3]       ; 2.5 V        ; 0 in              ; 0 H/in                  ; 0 F/in                  ; short         ; -                   ; open           ; open             ; open   ; 0 in             ; 0 H/in                 ; 0 F/in                 ; short        ; open          ; open            ; open  ; 0 V                 ; -                  ; n/a           ; n/a             ; n/a         ;
; hex4[2]       ; 2.5 V        ; 0 in              ; 0 H/in                  ; 0 F/in                  ; short         ; -                   ; open           ; open             ; open   ; 0 in             ; 0 H/in                 ; 0 F/in                 ; short        ; open          ; open            ; open  ; 0 V                 ; -                  ; n/a           ; n/a             ; n/a         ;
; hex4[1]       ; 2.5 V        ; 0 in              ; 0 H/in                  ; 0 F/in                  ; short         ; -                   ; open           ; open             ; open   ; 0 in             ; 0 H/in                 ; 0 F/in                 ; short        ; open          ; open            ; open  ; 0 V                 ; -                  ; n/a           ; n/a             ; n/a         ;
; hex4[0]       ; 2.5 V        ; 0 in              ; 0 H/in                  ; 0 F/in                  ; short         ; -                   ; open           ; open             ; open   ; 0 in             ; 0 H/in                 ; 0 F/in                 ; short        ; open          ; open            ; open  ; 0 V                 ; -                  ; n/a           ; n/a             ; n/a         ;
; hex5[6]       ; 2.5 V        ; 0 in              ; 0 H/in                  ; 0 F/in                  ; short         ; -                   ; open           ; open             ; open   ; 0 in             ; 0 H/in                 ; 0 F/in                 ; short        ; open          ; open            ; open  ; 0 V                 ; -                  ; n/a           ; n/a             ; n/a         ;
; hex5[5]       ; 2.5 V        ; 0 in              ; 0 H/in                  ; 0 F/in                  ; short         ; -                   ; open           ; open             ; open   ; 0 in             ; 0 H/in                 ; 0 F/in                 ; short        ; open          ; open            ; open  ; 0 V                 ; -                  ; n/a           ; n/a             ; n/a         ;
; hex5[4]       ; 2.5 V        ; 0 in              ; 0 H/in                  ; 0 F/in                  ; short         ; -                   ; open           ; open             ; open   ; 0 in             ; 0 H/in                 ; 0 F/in                 ; short        ; open          ; open            ; open  ; 0 V                 ; -                  ; n/a           ; n/a             ; n/a         ;
; hex5[3]       ; 2.5 V        ; 0 in              ; 0 H/in                  ; 0 F/in                  ; short         ; -                   ; open           ; open             ; open   ; 0 in             ; 0 H/in                 ; 0 F/in                 ; short        ; open          ; open            ; open  ; 0 V                 ; -                  ; n/a           ; n/a             ; n/a         ;
; hex5[2]       ; 2.5 V        ; 0 in              ; 0 H/in                  ; 0 F/in                  ; short         ; -                   ; open           ; open             ; open   ; 0 in             ; 0 H/in                 ; 0 F/in                 ; short        ; open          ; open            ; open  ; 0 V                 ; -                  ; n/a           ; n/a             ; n/a         ;
; hex5[1]       ; 2.5 V        ; 0 in              ; 0 H/in                  ; 0 F/in                  ; short         ; -                   ; open           ; open             ; open   ; 0 in             ; 0 H/in                 ; 0 F/in                 ; short        ; open          ; open            ; open  ; 0 V                 ; -                  ; n/a           ; n/a             ; n/a         ;
; hex5[0]       ; 2.5 V        ; 0 in              ; 0 H/in                  ; 0 F/in                  ; short         ; -                   ; open           ; open             ; open   ; 0 in             ; 0 H/in                 ; 0 F/in                 ; short        ; open          ; open            ; open  ; 0 V                 ; -                  ; n/a           ; n/a             ; n/a         ;
; ~ALTERA_DCLK~ ; 2.5 V        ; 0 in              ; 0 H/in                  ; 0 F/in                  ; short         ; -                   ; open           ; open             ; open   ; 0 in             ; 0 H/in                 ; 0 F/in                 ; short        ; open          ; open            ; open  ; 0 V                 ; -                  ; n/a           ; n/a             ; n/a         ;
; ~ALTERA_nCEO~ ; 2.5 V        ; 0 in              ; 0 H/in                  ; 0 F/in                  ; short         ; -                   ; open           ; open             ; open   ; 0 in             ; 0 H/in                 ; 0 F/in                 ; short        ; open          ; open            ; open  ; 0 V                 ; -                  ; n/a           ; n/a             ; n/a         ;
+---------------+--------------+-------------------+-------------------------+-------------------------+---------------+---------------------+----------------+------------------+--------+------------------+------------------------+------------------------+--------------+---------------+-----------------+-------+---------------------+--------------------+---------------+-----------------+-------------+


+----------------------------------------------------------------------------+
; Input Transition Times                                                     ;
+-------------------------+--------------+-----------------+-----------------+
; Pin                     ; I/O Standard ; 10-90 Rise Time ; 90-10 Fall Time ;
+-------------------------+--------------+-----------------+-----------------+
; sw[0]                   ; 2.5 V        ; 2000 ps         ; 2000 ps         ;
; sw[1]                   ; 2.5 V        ; 2000 ps         ; 2000 ps         ;
; sw[2]                   ; 2.5 V        ; 2000 ps         ; 2000 ps         ;
; sw[3]                   ; 2.5 V        ; 2000 ps         ; 2000 ps         ;
; CLOCK_50                ; 2.5 V        ; 2000 ps         ; 2000 ps         ;
; ~ALTERA_ASDO_DATA1~     ; 2.5 V        ; 2000 ps         ; 2000 ps         ;
; ~ALTERA_FLASH_nCE_nCSO~ ; 2.5 V        ; 2000 ps         ; 2000 ps         ;
; ~ALTERA_DATA0~          ; 2.5 V        ; 2000 ps         ; 2000 ps         ;
+-------------------------+--------------+-----------------+-----------------+


+--------------------------------------------------------------------------------------------------------------------------------------------------------------------------------------------------------------------------------------------------------------------------------------------------------------------------------------------------------------------------------------------------------------------------------------------------------------------------------------------------------------------------------------------------------------------------------------------------------------------------------------------------------------------------------------------+
; Signal Integrity Metrics (Slow 1200mv 0c Model)                                                                                                                                                                                                                                                                                                                                                                                                                                                                                                                                                                                                                                            ;
+---------------+--------------+---------------------+---------------------+------------------------------+------------------------------+---------------------+---------------------+--------------------------------------+--------------------------------------+-----------------------------+-----------------------------+----------------------------+----------------------------+-----------------------------+-----------------------------+--------------------+--------------------+-------------------------------------+-------------------------------------+----------------------------+----------------------------+---------------------------+---------------------------+
; Pin           ; I/O Standard ; Board Delay on Rise ; Board Delay on Fall ; Steady State Voh at FPGA Pin ; Steady State Vol at FPGA Pin ; Voh Max at FPGA Pin ; Vol Min at FPGA Pin ; Ringback Voltage on Rise at FPGA Pin ; Ringback Voltage on Fall at FPGA Pin ; 10-90 Rise Time at FPGA Pin ; 90-10 Fall Time at FPGA Pin ; Monotonic Rise at FPGA Pin ; Monotonic Fall at FPGA Pin ; Steady State Voh at Far-end ; Steady State Vol at Far-end ; Voh Max at Far-end ; Vol Min at Far-end ; Ringback Voltage on Rise at Far-end ; Ringback Voltage on Fall at Far-end ; 10-90 Rise Time at Far-end ; 90-10 Fall Time at Far-end ; Monotonic Rise at Far-end ; Monotonic Fall at Far-end ;
+---------------+--------------+---------------------+---------------------+------------------------------+------------------------------+---------------------+---------------------+--------------------------------------+--------------------------------------+-----------------------------+-----------------------------+----------------------------+----------------------------+-----------------------------+-----------------------------+--------------------+--------------------+-------------------------------------+-------------------------------------+----------------------------+----------------------------+---------------------------+---------------------------+
; hex0[6]       ; 2.5 V        ; 0 s                 ; 0 s                 ; 2.32 V                       ; 3.07e-09 V                   ; 2.38 V              ; -0.0144 V           ; 0.227 V                              ; 0.024 V                              ; 3.14e-10 s                  ; 3.39e-10 s                  ; Yes                        ; Yes                        ; 2.32 V                      ; 3.07e-09 V                  ; 2.38 V             ; -0.0144 V          ; 0.227 V                             ; 0.024 V                             ; 3.14e-10 s                 ; 3.39e-10 s                 ; Yes                       ; Yes                       ;
; hex0[5]       ; 2.5 V        ; 0 s                 ; 0 s                 ; 2.32 V                       ; 3.07e-09 V                   ; 2.33 V              ; -0.00496 V          ; 0.223 V                              ; 0.086 V                              ; 2.9e-09 s                   ; 2.73e-09 s                  ; Yes                        ; Yes                        ; 2.32 V                      ; 3.07e-09 V                  ; 2.33 V             ; -0.00496 V         ; 0.223 V                             ; 0.086 V                             ; 2.9e-09 s                  ; 2.73e-09 s                 ; Yes                       ; Yes                       ;
; hex0[4]       ; 2.5 V        ; 0 s                 ; 0 s                 ; 2.32 V                       ; 3.07e-09 V                   ; 2.38 V              ; -0.0144 V           ; 0.227 V                              ; 0.024 V                              ; 3.14e-10 s                  ; 3.39e-10 s                  ; Yes                        ; Yes                        ; 2.32 V                      ; 3.07e-09 V                  ; 2.38 V             ; -0.0144 V          ; 0.227 V                             ; 0.024 V                             ; 3.14e-10 s                 ; 3.39e-10 s                 ; Yes                       ; Yes                       ;
; hex0[3]       ; 2.5 V        ; 0 s                 ; 0 s                 ; 2.32 V                       ; 3.07e-09 V                   ; 2.38 V              ; -0.0144 V           ; 0.227 V                              ; 0.024 V                              ; 3.14e-10 s                  ; 3.39e-10 s                  ; Yes                        ; Yes                        ; 2.32 V                      ; 3.07e-09 V                  ; 2.38 V             ; -0.0144 V          ; 0.227 V                             ; 0.024 V                             ; 3.14e-10 s                 ; 3.39e-10 s                 ; Yes                       ; Yes                       ;
; hex0[2]       ; 2.5 V        ; 0 s                 ; 0 s                 ; 2.32 V                       ; 4.49e-09 V                   ; 2.38 V              ; -0.00552 V          ; 0.096 V                              ; 0.019 V                              ; 4.18e-10 s                  ; 3.59e-10 s                  ; No                         ; Yes                        ; 2.32 V                      ; 4.49e-09 V                  ; 2.38 V             ; -0.00552 V         ; 0.096 V                             ; 0.019 V                             ; 4.18e-10 s                 ; 3.59e-10 s                 ; No                        ; Yes                       ;
; hex0[1]       ; 2.5 V        ; 0 s                 ; 0 s                 ; 2.32 V                       ; 4.49e-09 V                   ; 2.33 V              ; -0.00467 V          ; 0.226 V                              ; 0.087 V                              ; 2.91e-09 s                  ; 2.74e-09 s                  ; Yes                        ; Yes                        ; 2.32 V                      ; 4.49e-09 V                  ; 2.33 V             ; -0.00467 V         ; 0.226 V                             ; 0.087 V                             ; 2.91e-09 s                 ; 2.74e-09 s                 ; Yes                       ; Yes                       ;
; hex0[0]       ; 2.5 V        ; 0 s                 ; 0 s                 ; 2.32 V                       ; 4.49e-09 V                   ; 2.38 V              ; -0.00552 V          ; 0.096 V                              ; 0.019 V                              ; 4.18e-10 s                  ; 3.59e-10 s                  ; No                         ; Yes                        ; 2.32 V                      ; 4.49e-09 V                  ; 2.38 V             ; -0.00552 V         ; 0.096 V                             ; 0.019 V                             ; 4.18e-10 s                 ; 3.59e-10 s                 ; No                        ; Yes                       ;
; hex2[6]       ; 2.5 V        ; 0 s                 ; 0 s                 ; 2.32 V                       ; 3.07e-09 V                   ; 2.37 V              ; -0.00994 V          ; 0.186 V                              ; 0.028 V                              ; 4.98e-10 s                  ; 4.96e-10 s                  ; Yes                        ; Yes                        ; 2.32 V                      ; 3.07e-09 V                  ; 2.37 V             ; -0.00994 V         ; 0.186 V                             ; 0.028 V                             ; 4.98e-10 s                 ; 4.96e-10 s                 ; Yes                       ; Yes                       ;
; hex2[5]       ; 2.5 V        ; 0 s                 ; 0 s                 ; 2.32 V                       ; 3.07e-09 V                   ; 2.37 V              ; -0.00994 V          ; 0.186 V                              ; 0.028 V                              ; 4.98e-10 s                  ; 4.96e-10 s                  ; Yes                        ; Yes                        ; 2.32 V                      ; 3.07e-09 V                  ; 2.37 V             ; -0.00994 V         ; 0.186 V                             ; 0.028 V                             ; 4.98e-10 s                 ; 4.96e-10 s                 ; Yes                       ; Yes                       ;
; hex2[4]       ; 2.5 V        ; 0 s                 ; 0 s                 ; 2.32 V                       ; 3.07e-09 V                   ; 2.37 V              ; -0.00994 V          ; 0.186 V                              ; 0.028 V                              ; 4.98e-10 s                  ; 4.96e-10 s                  ; Yes                        ; Yes                        ; 2.32 V                      ; 3.07e-09 V                  ; 2.37 V             ; -0.00994 V         ; 0.186 V                             ; 0.028 V                             ; 4.98e-10 s                 ; 4.96e-10 s                 ; Yes                       ; Yes                       ;
; hex2[3]       ; 2.5 V        ; 0 s                 ; 0 s                 ; 2.32 V                       ; 3.07e-09 V                   ; 2.37 V              ; -0.00994 V          ; 0.186 V                              ; 0.028 V                              ; 4.98e-10 s                  ; 4.96e-10 s                  ; Yes                        ; Yes                        ; 2.32 V                      ; 3.07e-09 V                  ; 2.37 V             ; -0.00994 V         ; 0.186 V                             ; 0.028 V                             ; 4.98e-10 s                 ; 4.96e-10 s                 ; Yes                       ; Yes                       ;
; hex2[2]       ; 2.5 V        ; 0 s                 ; 0 s                 ; 2.32 V                       ; 3.07e-09 V                   ; 2.37 V              ; -0.00994 V          ; 0.186 V                              ; 0.028 V                              ; 4.98e-10 s                  ; 4.96e-10 s                  ; Yes                        ; Yes                        ; 2.32 V                      ; 3.07e-09 V                  ; 2.37 V             ; -0.00994 V         ; 0.186 V                             ; 0.028 V                             ; 4.98e-10 s                 ; 4.96e-10 s                 ; Yes                       ; Yes                       ;
; hex2[1]       ; 2.5 V        ; 0 s                 ; 0 s                 ; 2.32 V                       ; 3.07e-09 V                   ; 2.37 V              ; -0.00994 V          ; 0.186 V                              ; 0.028 V                              ; 4.98e-10 s                  ; 4.96e-10 s                  ; Yes                        ; Yes                        ; 2.32 V                      ; 3.07e-09 V                  ; 2.37 V             ; -0.00994 V         ; 0.186 V                             ; 0.028 V                             ; 4.98e-10 s                 ; 4.96e-10 s                 ; Yes                       ; Yes                       ;
; hex2[0]       ; 2.5 V        ; 0 s                 ; 0 s                 ; 2.32 V                       ; 3.07e-09 V                   ; 2.37 V              ; -0.00994 V          ; 0.186 V                              ; 0.028 V                              ; 4.98e-10 s                  ; 4.96e-10 s                  ; Yes                        ; Yes                        ; 2.32 V                      ; 3.07e-09 V                  ; 2.37 V             ; -0.00994 V         ; 0.186 V                             ; 0.028 V                             ; 4.98e-10 s                 ; 4.96e-10 s                 ; Yes                       ; Yes                       ;
; hex3[6]       ; 2.5 V        ; 0 s                 ; 0 s                 ; 2.32 V                       ; 4.49e-09 V                   ; 2.38 V              ; -0.00552 V          ; 0.096 V                              ; 0.019 V                              ; 4.18e-10 s                  ; 3.59e-10 s                  ; No                         ; Yes                        ; 2.32 V                      ; 4.49e-09 V                  ; 2.38 V             ; -0.00552 V         ; 0.096 V                             ; 0.019 V                             ; 4.18e-10 s                 ; 3.59e-10 s                 ; No                        ; Yes                       ;
; hex3[5]       ; 2.5 V        ; 0 s                 ; 0 s                 ; 2.32 V                       ; 4.49e-09 V                   ; 2.38 V              ; -0.00552 V          ; 0.096 V                              ; 0.019 V                              ; 4.18e-10 s                  ; 3.59e-10 s                  ; No                         ; Yes                        ; 2.32 V                      ; 4.49e-09 V                  ; 2.38 V             ; -0.00552 V         ; 0.096 V                             ; 0.019 V                             ; 4.18e-10 s                 ; 3.59e-10 s                 ; No                        ; Yes                       ;
; hex3[4]       ; 2.5 V        ; 0 s                 ; 0 s                 ; 2.32 V                       ; 4.49e-09 V                   ; 2.38 V              ; -0.00552 V          ; 0.096 V                              ; 0.019 V                              ; 4.18e-10 s                  ; 3.59e-10 s                  ; No                         ; Yes                        ; 2.32 V                      ; 4.49e-09 V                  ; 2.38 V             ; -0.00552 V         ; 0.096 V                             ; 0.019 V                             ; 4.18e-10 s                 ; 3.59e-10 s                 ; No                        ; Yes                       ;
; hex3[3]       ; 2.5 V        ; 0 s                 ; 0 s                 ; 2.32 V                       ; 4.49e-09 V                   ; 2.38 V              ; -0.00552 V          ; 0.096 V                              ; 0.019 V                              ; 4.18e-10 s                  ; 3.59e-10 s                  ; No                         ; Yes                        ; 2.32 V                      ; 4.49e-09 V                  ; 2.38 V             ; -0.00552 V         ; 0.096 V                             ; 0.019 V                             ; 4.18e-10 s                 ; 3.59e-10 s                 ; No                        ; Yes                       ;
; hex3[2]       ; 2.5 V        ; 0 s                 ; 0 s                 ; 2.32 V                       ; 4.49e-09 V                   ; 2.33 V              ; -0.00467 V          ; 0.226 V                              ; 0.087 V                              ; 2.91e-09 s                  ; 2.74e-09 s                  ; Yes                        ; Yes                        ; 2.32 V                      ; 4.49e-09 V                  ; 2.33 V             ; -0.00467 V         ; 0.226 V                             ; 0.087 V                             ; 2.91e-09 s                 ; 2.74e-09 s                 ; Yes                       ; Yes                       ;
; hex3[1]       ; 2.5 V        ; 0 s                 ; 0 s                 ; 2.32 V                       ; 3.07e-09 V                   ; 2.38 V              ; -0.0144 V           ; 0.227 V                              ; 0.024 V                              ; 3.14e-10 s                  ; 3.39e-10 s                  ; Yes                        ; Yes                        ; 2.32 V                      ; 3.07e-09 V                  ; 2.38 V             ; -0.0144 V          ; 0.227 V                             ; 0.024 V                             ; 3.14e-10 s                 ; 3.39e-10 s                 ; Yes                       ; Yes                       ;
; hex3[0]       ; 2.5 V        ; 0 s                 ; 0 s                 ; 2.32 V                       ; 3.07e-09 V                   ; 2.37 V              ; -0.00994 V          ; 0.186 V                              ; 0.028 V                              ; 4.98e-10 s                  ; 4.96e-10 s                  ; Yes                        ; Yes                        ; 2.32 V                      ; 3.07e-09 V                  ; 2.37 V             ; -0.00994 V         ; 0.186 V                             ; 0.028 V                             ; 4.98e-10 s                 ; 4.96e-10 s                 ; Yes                       ; Yes                       ;
; hex4[6]       ; 2.5 V        ; 0 s                 ; 0 s                 ; 2.32 V                       ; 4.49e-09 V                   ; 2.38 V              ; -0.00552 V          ; 0.096 V                              ; 0.019 V                              ; 4.18e-10 s                  ; 3.59e-10 s                  ; No                         ; Yes                        ; 2.32 V                      ; 4.49e-09 V                  ; 2.38 V             ; -0.00552 V         ; 0.096 V                             ; 0.019 V                             ; 4.18e-10 s                 ; 3.59e-10 s                 ; No                        ; Yes                       ;
; hex4[5]       ; 2.5 V        ; 0 s                 ; 0 s                 ; 2.32 V                       ; 4.49e-09 V                   ; 2.38 V              ; -0.00552 V          ; 0.096 V                              ; 0.019 V                              ; 4.18e-10 s                  ; 3.59e-10 s                  ; No                         ; Yes                        ; 2.32 V                      ; 4.49e-09 V                  ; 2.38 V             ; -0.00552 V         ; 0.096 V                             ; 0.019 V                             ; 4.18e-10 s                 ; 3.59e-10 s                 ; No                        ; Yes                       ;
; hex4[4]       ; 2.5 V        ; 0 s                 ; 0 s                 ; 2.32 V                       ; 4.49e-09 V                   ; 2.38 V              ; -0.00552 V          ; 0.096 V                              ; 0.019 V                              ; 4.18e-10 s                  ; 3.59e-10 s                  ; No                         ; Yes                        ; 2.32 V                      ; 4.49e-09 V                  ; 2.38 V             ; -0.00552 V         ; 0.096 V                             ; 0.019 V                             ; 4.18e-10 s                 ; 3.59e-10 s                 ; No                        ; Yes                       ;
; hex4[3]       ; 2.5 V        ; 0 s                 ; 0 s                 ; 2.32 V                       ; 4.49e-09 V                   ; 2.38 V              ; -0.00552 V          ; 0.096 V                              ; 0.019 V                              ; 4.18e-10 s                  ; 3.59e-10 s                  ; No                         ; Yes                        ; 2.32 V                      ; 4.49e-09 V                  ; 2.38 V             ; -0.00552 V         ; 0.096 V                             ; 0.019 V                             ; 4.18e-10 s                 ; 3.59e-10 s                 ; No                        ; Yes                       ;
; hex4[2]       ; 2.5 V        ; 0 s                 ; 0 s                 ; 2.32 V                       ; 4.49e-09 V                   ; 2.38 V              ; -0.00552 V          ; 0.096 V                              ; 0.019 V                              ; 4.18e-10 s                  ; 3.59e-10 s                  ; No                         ; Yes                        ; 2.32 V                      ; 4.49e-09 V                  ; 2.38 V             ; -0.00552 V         ; 0.096 V                             ; 0.019 V                             ; 4.18e-10 s                 ; 3.59e-10 s                 ; No                        ; Yes                       ;
; hex4[1]       ; 2.5 V        ; 0 s                 ; 0 s                 ; 2.32 V                       ; 4.49e-09 V                   ; 2.38 V              ; -0.00552 V          ; 0.096 V                              ; 0.019 V                              ; 4.18e-10 s                  ; 3.59e-10 s                  ; No                         ; Yes                        ; 2.32 V                      ; 4.49e-09 V                  ; 2.38 V             ; -0.00552 V         ; 0.096 V                             ; 0.019 V                             ; 4.18e-10 s                 ; 3.59e-10 s                 ; No                        ; Yes                       ;
; hex4[0]       ; 2.5 V        ; 0 s                 ; 0 s                 ; 2.32 V                       ; 4.49e-09 V                   ; 2.38 V              ; -0.00552 V          ; 0.096 V                              ; 0.019 V                              ; 4.18e-10 s                  ; 3.59e-10 s                  ; No                         ; Yes                        ; 2.32 V                      ; 4.49e-09 V                  ; 2.38 V             ; -0.00552 V         ; 0.096 V                             ; 0.019 V                             ; 4.18e-10 s                 ; 3.59e-10 s                 ; No                        ; Yes                       ;
; hex5[6]       ; 2.5 V        ; 0 s                 ; 0 s                 ; 2.32 V                       ; 4.49e-09 V                   ; 2.38 V              ; -0.00552 V          ; 0.096 V                              ; 0.019 V                              ; 4.18e-10 s                  ; 3.59e-10 s                  ; No                         ; Yes                        ; 2.32 V                      ; 4.49e-09 V                  ; 2.38 V             ; -0.00552 V         ; 0.096 V                             ; 0.019 V                             ; 4.18e-10 s                 ; 3.59e-10 s                 ; No                        ; Yes                       ;
; hex5[5]       ; 2.5 V        ; 0 s                 ; 0 s                 ; 2.32 V                       ; 4.49e-09 V                   ; 2.38 V              ; -0.00552 V          ; 0.096 V                              ; 0.019 V                              ; 4.18e-10 s                  ; 3.59e-10 s                  ; No                         ; Yes                        ; 2.32 V                      ; 4.49e-09 V                  ; 2.38 V             ; -0.00552 V         ; 0.096 V                             ; 0.019 V                             ; 4.18e-10 s                 ; 3.59e-10 s                 ; No                        ; Yes                       ;
; hex5[4]       ; 2.5 V        ; 0 s                 ; 0 s                 ; 2.32 V                       ; 4.49e-09 V                   ; 2.38 V              ; -0.00552 V          ; 0.096 V                              ; 0.019 V                              ; 4.18e-10 s                  ; 3.59e-10 s                  ; No                         ; Yes                        ; 2.32 V                      ; 4.49e-09 V                  ; 2.38 V             ; -0.00552 V         ; 0.096 V                             ; 0.019 V                             ; 4.18e-10 s                 ; 3.59e-10 s                 ; No                        ; Yes                       ;
; hex5[3]       ; 2.5 V        ; 0 s                 ; 0 s                 ; 2.32 V                       ; 4.49e-09 V                   ; 2.38 V              ; -0.00552 V          ; 0.096 V                              ; 0.019 V                              ; 4.18e-10 s                  ; 3.59e-10 s                  ; No                         ; Yes                        ; 2.32 V                      ; 4.49e-09 V                  ; 2.38 V             ; -0.00552 V         ; 0.096 V                             ; 0.019 V                             ; 4.18e-10 s                 ; 3.59e-10 s                 ; No                        ; Yes                       ;
; hex5[2]       ; 2.5 V        ; 0 s                 ; 0 s                 ; 2.32 V                       ; 4.49e-09 V                   ; 2.38 V              ; -0.00552 V          ; 0.096 V                              ; 0.019 V                              ; 4.18e-10 s                  ; 3.59e-10 s                  ; No                         ; Yes                        ; 2.32 V                      ; 4.49e-09 V                  ; 2.38 V             ; -0.00552 V         ; 0.096 V                             ; 0.019 V                             ; 4.18e-10 s                 ; 3.59e-10 s                 ; No                        ; Yes                       ;
; hex5[1]       ; 2.5 V        ; 0 s                 ; 0 s                 ; 2.32 V                       ; 4.49e-09 V                   ; 2.33 V              ; -0.00467 V          ; 0.226 V                              ; 0.087 V                              ; 2.91e-09 s                  ; 2.74e-09 s                  ; Yes                        ; Yes                        ; 2.32 V                      ; 4.49e-09 V                  ; 2.33 V             ; -0.00467 V         ; 0.226 V                             ; 0.087 V                             ; 2.91e-09 s                 ; 2.74e-09 s                 ; Yes                       ; Yes                       ;
; hex5[0]       ; 2.5 V        ; 0 s                 ; 0 s                 ; 2.32 V                       ; 4.49e-09 V                   ; 2.38 V              ; -0.00552 V          ; 0.096 V                              ; 0.019 V                              ; 4.18e-10 s                  ; 3.59e-10 s                  ; No                         ; Yes                        ; 2.32 V                      ; 4.49e-09 V                  ; 2.38 V             ; -0.00552 V         ; 0.096 V                             ; 0.019 V                             ; 4.18e-10 s                 ; 3.59e-10 s                 ; No                        ; Yes                       ;
; ~ALTERA_DCLK~ ; 2.5 V        ; 0 s                 ; 0 s                 ; 2.32 V                       ; 2.67e-09 V                   ; 2.38 V              ; -0.0485 V           ; 0.167 V                              ; 0.096 V                              ; 2.95e-10 s                  ; 2.73e-10 s                  ; Yes                        ; Yes                        ; 2.32 V                      ; 2.67e-09 V                  ; 2.38 V             ; -0.0485 V          ; 0.167 V                             ; 0.096 V                             ; 2.95e-10 s                 ; 2.73e-10 s                 ; Yes                       ; Yes                       ;
; ~ALTERA_nCEO~ ; 2.5 V        ; 0 s                 ; 0 s                 ; 2.32 V                       ; 4.18e-09 V                   ; 2.38 V              ; -0.00483 V          ; 0.152 V                              ; 0.012 V                              ; 4.81e-10 s                  ; 6.29e-10 s                  ; Yes                        ; Yes                        ; 2.32 V                      ; 4.18e-09 V                  ; 2.38 V             ; -0.00483 V         ; 0.152 V                             ; 0.012 V                             ; 4.81e-10 s                 ; 6.29e-10 s                 ; Yes                       ; Yes                       ;
+---------------+--------------+---------------------+---------------------+------------------------------+------------------------------+---------------------+---------------------+--------------------------------------+--------------------------------------+-----------------------------+-----------------------------+----------------------------+----------------------------+-----------------------------+-----------------------------+--------------------+--------------------+-------------------------------------+-------------------------------------+----------------------------+----------------------------+---------------------------+---------------------------+


+--------------------------------------------------------------------------------------------------------------------------------------------------------------------------------------------------------------------------------------------------------------------------------------------------------------------------------------------------------------------------------------------------------------------------------------------------------------------------------------------------------------------------------------------------------------------------------------------------------------------------------------------------------------------------------------------+
; Signal Integrity Metrics (Slow 1200mv 85c Model)                                                                                                                                                                                                                                                                                                                                                                                                                                                                                                                                                                                                                                           ;
+---------------+--------------+---------------------+---------------------+------------------------------+------------------------------+---------------------+---------------------+--------------------------------------+--------------------------------------+-----------------------------+-----------------------------+----------------------------+----------------------------+-----------------------------+-----------------------------+--------------------+--------------------+-------------------------------------+-------------------------------------+----------------------------+----------------------------+---------------------------+---------------------------+
; Pin           ; I/O Standard ; Board Delay on Rise ; Board Delay on Fall ; Steady State Voh at FPGA Pin ; Steady State Vol at FPGA Pin ; Voh Max at FPGA Pin ; Vol Min at FPGA Pin ; Ringback Voltage on Rise at FPGA Pin ; Ringback Voltage on Fall at FPGA Pin ; 10-90 Rise Time at FPGA Pin ; 90-10 Fall Time at FPGA Pin ; Monotonic Rise at FPGA Pin ; Monotonic Fall at FPGA Pin ; Steady State Voh at Far-end ; Steady State Vol at Far-end ; Voh Max at Far-end ; Vol Min at Far-end ; Ringback Voltage on Rise at Far-end ; Ringback Voltage on Fall at Far-end ; 10-90 Rise Time at Far-end ; 90-10 Fall Time at Far-end ; Monotonic Rise at Far-end ; Monotonic Fall at Far-end ;
+---------------+--------------+---------------------+---------------------+------------------------------+------------------------------+---------------------+---------------------+--------------------------------------+--------------------------------------+-----------------------------+-----------------------------+----------------------------+----------------------------+-----------------------------+-----------------------------+--------------------+--------------------+-------------------------------------+-------------------------------------+----------------------------+----------------------------+---------------------------+---------------------------+
; hex0[6]       ; 2.5 V        ; 0 s                 ; 0 s                 ; 2.32 V                       ; 4.67e-07 V                   ; 2.36 V              ; -0.00552 V          ; 0.11 V                               ; 0.007 V                              ; 4.54e-10 s                  ; 4.35e-10 s                  ; Yes                        ; Yes                        ; 2.32 V                      ; 4.67e-07 V                  ; 2.36 V             ; -0.00552 V         ; 0.11 V                              ; 0.007 V                             ; 4.54e-10 s                 ; 4.35e-10 s                 ; Yes                       ; Yes                       ;
; hex0[5]       ; 2.5 V        ; 0 s                 ; 0 s                 ; 2.32 V                       ; 4.67e-07 V                   ; 2.33 V              ; -0.00269 V          ; 0.13 V                               ; 0.055 V                              ; 3.54e-09 s                  ; 3.29e-09 s                  ; Yes                        ; Yes                        ; 2.32 V                      ; 4.67e-07 V                  ; 2.33 V             ; -0.00269 V         ; 0.13 V                              ; 0.055 V                             ; 3.54e-09 s                 ; 3.29e-09 s                 ; Yes                       ; Yes                       ;
; hex0[4]       ; 2.5 V        ; 0 s                 ; 0 s                 ; 2.32 V                       ; 4.67e-07 V                   ; 2.36 V              ; -0.00552 V          ; 0.11 V                               ; 0.007 V                              ; 4.54e-10 s                  ; 4.35e-10 s                  ; Yes                        ; Yes                        ; 2.32 V                      ; 4.67e-07 V                  ; 2.36 V             ; -0.00552 V         ; 0.11 V                              ; 0.007 V                             ; 4.54e-10 s                 ; 4.35e-10 s                 ; Yes                       ; Yes                       ;
; hex0[3]       ; 2.5 V        ; 0 s                 ; 0 s                 ; 2.32 V                       ; 4.67e-07 V                   ; 2.36 V              ; -0.00552 V          ; 0.11 V                               ; 0.007 V                              ; 4.54e-10 s                  ; 4.35e-10 s                  ; Yes                        ; Yes                        ; 2.32 V                      ; 4.67e-07 V                  ; 2.36 V             ; -0.00552 V         ; 0.11 V                              ; 0.007 V                             ; 4.54e-10 s                 ; 4.35e-10 s                 ; Yes                       ; Yes                       ;
; hex0[2]       ; 2.5 V        ; 0 s                 ; 0 s                 ; 2.32 V                       ; 6.92e-07 V                   ; 2.35 V              ; -0.00996 V          ; 0.121 V                              ; 0.03 V                               ; 4.64e-10 s                  ; 4.47e-10 s                  ; Yes                        ; Yes                        ; 2.32 V                      ; 6.92e-07 V                  ; 2.35 V             ; -0.00996 V         ; 0.121 V                             ; 0.03 V                              ; 4.64e-10 s                 ; 4.47e-10 s                 ; Yes                       ; Yes                       ;
; hex0[1]       ; 2.5 V        ; 0 s                 ; 0 s                 ; 2.32 V                       ; 6.92e-07 V                   ; 2.33 V              ; -0.00265 V          ; 0.133 V                              ; 0.056 V                              ; 3.55e-09 s                  ; 3.31e-09 s                  ; Yes                        ; Yes                        ; 2.32 V                      ; 6.92e-07 V                  ; 2.33 V             ; -0.00265 V         ; 0.133 V                             ; 0.056 V                             ; 3.55e-09 s                 ; 3.31e-09 s                 ; Yes                       ; Yes                       ;
; hex0[0]       ; 2.5 V        ; 0 s                 ; 0 s                 ; 2.32 V                       ; 6.92e-07 V                   ; 2.35 V              ; -0.00996 V          ; 0.121 V                              ; 0.03 V                               ; 4.64e-10 s                  ; 4.47e-10 s                  ; Yes                        ; Yes                        ; 2.32 V                      ; 6.92e-07 V                  ; 2.35 V             ; -0.00996 V         ; 0.121 V                             ; 0.03 V                              ; 4.64e-10 s                 ; 4.47e-10 s                 ; Yes                       ; Yes                       ;
; hex2[6]       ; 2.5 V        ; 0 s                 ; 0 s                 ; 2.32 V                       ; 4.67e-07 V                   ; 2.35 V              ; -0.00942 V          ; 0.116 V                              ; 0.033 V                              ; 6.66e-10 s                  ; 6.27e-10 s                  ; Yes                        ; Yes                        ; 2.32 V                      ; 4.67e-07 V                  ; 2.35 V             ; -0.00942 V         ; 0.116 V                             ; 0.033 V                             ; 6.66e-10 s                 ; 6.27e-10 s                 ; Yes                       ; Yes                       ;
; hex2[5]       ; 2.5 V        ; 0 s                 ; 0 s                 ; 2.32 V                       ; 4.67e-07 V                   ; 2.35 V              ; -0.00942 V          ; 0.116 V                              ; 0.033 V                              ; 6.66e-10 s                  ; 6.27e-10 s                  ; Yes                        ; Yes                        ; 2.32 V                      ; 4.67e-07 V                  ; 2.35 V             ; -0.00942 V         ; 0.116 V                             ; 0.033 V                             ; 6.66e-10 s                 ; 6.27e-10 s                 ; Yes                       ; Yes                       ;
; hex2[4]       ; 2.5 V        ; 0 s                 ; 0 s                 ; 2.32 V                       ; 4.67e-07 V                   ; 2.35 V              ; -0.00942 V          ; 0.116 V                              ; 0.033 V                              ; 6.66e-10 s                  ; 6.27e-10 s                  ; Yes                        ; Yes                        ; 2.32 V                      ; 4.67e-07 V                  ; 2.35 V             ; -0.00942 V         ; 0.116 V                             ; 0.033 V                             ; 6.66e-10 s                 ; 6.27e-10 s                 ; Yes                       ; Yes                       ;
; hex2[3]       ; 2.5 V        ; 0 s                 ; 0 s                 ; 2.32 V                       ; 4.67e-07 V                   ; 2.35 V              ; -0.00942 V          ; 0.116 V                              ; 0.033 V                              ; 6.66e-10 s                  ; 6.27e-10 s                  ; Yes                        ; Yes                        ; 2.32 V                      ; 4.67e-07 V                  ; 2.35 V             ; -0.00942 V         ; 0.116 V                             ; 0.033 V                             ; 6.66e-10 s                 ; 6.27e-10 s                 ; Yes                       ; Yes                       ;
; hex2[2]       ; 2.5 V        ; 0 s                 ; 0 s                 ; 2.32 V                       ; 4.67e-07 V                   ; 2.35 V              ; -0.00942 V          ; 0.116 V                              ; 0.033 V                              ; 6.66e-10 s                  ; 6.27e-10 s                  ; Yes                        ; Yes                        ; 2.32 V                      ; 4.67e-07 V                  ; 2.35 V             ; -0.00942 V         ; 0.116 V                             ; 0.033 V                             ; 6.66e-10 s                 ; 6.27e-10 s                 ; Yes                       ; Yes                       ;
; hex2[1]       ; 2.5 V        ; 0 s                 ; 0 s                 ; 2.32 V                       ; 4.67e-07 V                   ; 2.35 V              ; -0.00942 V          ; 0.116 V                              ; 0.033 V                              ; 6.66e-10 s                  ; 6.27e-10 s                  ; Yes                        ; Yes                        ; 2.32 V                      ; 4.67e-07 V                  ; 2.35 V             ; -0.00942 V         ; 0.116 V                             ; 0.033 V                             ; 6.66e-10 s                 ; 6.27e-10 s                 ; Yes                       ; Yes                       ;
; hex2[0]       ; 2.5 V        ; 0 s                 ; 0 s                 ; 2.32 V                       ; 4.67e-07 V                   ; 2.35 V              ; -0.00942 V          ; 0.116 V                              ; 0.033 V                              ; 6.66e-10 s                  ; 6.27e-10 s                  ; Yes                        ; Yes                        ; 2.32 V                      ; 4.67e-07 V                  ; 2.35 V             ; -0.00942 V         ; 0.116 V                             ; 0.033 V                             ; 6.66e-10 s                 ; 6.27e-10 s                 ; Yes                       ; Yes                       ;
; hex3[6]       ; 2.5 V        ; 0 s                 ; 0 s                 ; 2.32 V                       ; 6.92e-07 V                   ; 2.35 V              ; -0.00996 V          ; 0.121 V                              ; 0.03 V                               ; 4.64e-10 s                  ; 4.47e-10 s                  ; Yes                        ; Yes                        ; 2.32 V                      ; 6.92e-07 V                  ; 2.35 V             ; -0.00996 V         ; 0.121 V                             ; 0.03 V                              ; 4.64e-10 s                 ; 4.47e-10 s                 ; Yes                       ; Yes                       ;
; hex3[5]       ; 2.5 V        ; 0 s                 ; 0 s                 ; 2.32 V                       ; 6.92e-07 V                   ; 2.35 V              ; -0.00996 V          ; 0.121 V                              ; 0.03 V                               ; 4.64e-10 s                  ; 4.47e-10 s                  ; Yes                        ; Yes                        ; 2.32 V                      ; 6.92e-07 V                  ; 2.35 V             ; -0.00996 V         ; 0.121 V                             ; 0.03 V                              ; 4.64e-10 s                 ; 4.47e-10 s                 ; Yes                       ; Yes                       ;
; hex3[4]       ; 2.5 V        ; 0 s                 ; 0 s                 ; 2.32 V                       ; 6.92e-07 V                   ; 2.35 V              ; -0.00996 V          ; 0.121 V                              ; 0.03 V                               ; 4.64e-10 s                  ; 4.47e-10 s                  ; Yes                        ; Yes                        ; 2.32 V                      ; 6.92e-07 V                  ; 2.35 V             ; -0.00996 V         ; 0.121 V                             ; 0.03 V                              ; 4.64e-10 s                 ; 4.47e-10 s                 ; Yes                       ; Yes                       ;
; hex3[3]       ; 2.5 V        ; 0 s                 ; 0 s                 ; 2.32 V                       ; 6.92e-07 V                   ; 2.35 V              ; -0.00996 V          ; 0.121 V                              ; 0.03 V                               ; 4.64e-10 s                  ; 4.47e-10 s                  ; Yes                        ; Yes                        ; 2.32 V                      ; 6.92e-07 V                  ; 2.35 V             ; -0.00996 V         ; 0.121 V                             ; 0.03 V                              ; 4.64e-10 s                 ; 4.47e-10 s                 ; Yes                       ; Yes                       ;
; hex3[2]       ; 2.5 V        ; 0 s                 ; 0 s                 ; 2.32 V                       ; 6.92e-07 V                   ; 2.33 V              ; -0.00265 V          ; 0.133 V                              ; 0.056 V                              ; 3.55e-09 s                  ; 3.31e-09 s                  ; Yes                        ; Yes                        ; 2.32 V                      ; 6.92e-07 V                  ; 2.33 V             ; -0.00265 V         ; 0.133 V                             ; 0.056 V                             ; 3.55e-09 s                 ; 3.31e-09 s                 ; Yes                       ; Yes                       ;
; hex3[1]       ; 2.5 V        ; 0 s                 ; 0 s                 ; 2.32 V                       ; 4.67e-07 V                   ; 2.36 V              ; -0.00552 V          ; 0.11 V                               ; 0.007 V                              ; 4.54e-10 s                  ; 4.35e-10 s                  ; Yes                        ; Yes                        ; 2.32 V                      ; 4.67e-07 V                  ; 2.36 V             ; -0.00552 V         ; 0.11 V                              ; 0.007 V                             ; 4.54e-10 s                 ; 4.35e-10 s                 ; Yes                       ; Yes                       ;
; hex3[0]       ; 2.5 V        ; 0 s                 ; 0 s                 ; 2.32 V                       ; 4.67e-07 V                   ; 2.35 V              ; -0.00942 V          ; 0.116 V                              ; 0.033 V                              ; 6.66e-10 s                  ; 6.27e-10 s                  ; Yes                        ; Yes                        ; 2.32 V                      ; 4.67e-07 V                  ; 2.35 V             ; -0.00942 V         ; 0.116 V                             ; 0.033 V                             ; 6.66e-10 s                 ; 6.27e-10 s                 ; Yes                       ; Yes                       ;
; hex4[6]       ; 2.5 V        ; 0 s                 ; 0 s                 ; 2.32 V                       ; 6.92e-07 V                   ; 2.35 V              ; -0.00996 V          ; 0.121 V                              ; 0.03 V                               ; 4.64e-10 s                  ; 4.47e-10 s                  ; Yes                        ; Yes                        ; 2.32 V                      ; 6.92e-07 V                  ; 2.35 V             ; -0.00996 V         ; 0.121 V                             ; 0.03 V                              ; 4.64e-10 s                 ; 4.47e-10 s                 ; Yes                       ; Yes                       ;
; hex4[5]       ; 2.5 V        ; 0 s                 ; 0 s                 ; 2.32 V                       ; 6.92e-07 V                   ; 2.35 V              ; -0.00996 V          ; 0.121 V                              ; 0.03 V                               ; 4.64e-10 s                  ; 4.47e-10 s                  ; Yes                        ; Yes                        ; 2.32 V                      ; 6.92e-07 V                  ; 2.35 V             ; -0.00996 V         ; 0.121 V                             ; 0.03 V                              ; 4.64e-10 s                 ; 4.47e-10 s                 ; Yes                       ; Yes                       ;
; hex4[4]       ; 2.5 V        ; 0 s                 ; 0 s                 ; 2.32 V                       ; 6.92e-07 V                   ; 2.35 V              ; -0.00996 V          ; 0.121 V                              ; 0.03 V                               ; 4.64e-10 s                  ; 4.47e-10 s                  ; Yes                        ; Yes                        ; 2.32 V                      ; 6.92e-07 V                  ; 2.35 V             ; -0.00996 V         ; 0.121 V                             ; 0.03 V                              ; 4.64e-10 s                 ; 4.47e-10 s                 ; Yes                       ; Yes                       ;
; hex4[3]       ; 2.5 V        ; 0 s                 ; 0 s                 ; 2.32 V                       ; 6.92e-07 V                   ; 2.35 V              ; -0.00996 V          ; 0.121 V                              ; 0.03 V                               ; 4.64e-10 s                  ; 4.47e-10 s                  ; Yes                        ; Yes                        ; 2.32 V                      ; 6.92e-07 V                  ; 2.35 V             ; -0.00996 V         ; 0.121 V                             ; 0.03 V                              ; 4.64e-10 s                 ; 4.47e-10 s                 ; Yes                       ; Yes                       ;
; hex4[2]       ; 2.5 V        ; 0 s                 ; 0 s                 ; 2.32 V                       ; 6.92e-07 V                   ; 2.35 V              ; -0.00996 V          ; 0.121 V                              ; 0.03 V                               ; 4.64e-10 s                  ; 4.47e-10 s                  ; Yes                        ; Yes                        ; 2.32 V                      ; 6.92e-07 V                  ; 2.35 V             ; -0.00996 V         ; 0.121 V                             ; 0.03 V                              ; 4.64e-10 s                 ; 4.47e-10 s                 ; Yes                       ; Yes                       ;
; hex4[1]       ; 2.5 V        ; 0 s                 ; 0 s                 ; 2.32 V                       ; 6.92e-07 V                   ; 2.35 V              ; -0.00996 V          ; 0.121 V                              ; 0.03 V                               ; 4.64e-10 s                  ; 4.47e-10 s                  ; Yes                        ; Yes                        ; 2.32 V                      ; 6.92e-07 V                  ; 2.35 V             ; -0.00996 V         ; 0.121 V                             ; 0.03 V                              ; 4.64e-10 s                 ; 4.47e-10 s                 ; Yes                       ; Yes                       ;
; hex4[0]       ; 2.5 V        ; 0 s                 ; 0 s                 ; 2.32 V                       ; 6.92e-07 V                   ; 2.35 V              ; -0.00996 V          ; 0.121 V                              ; 0.03 V                               ; 4.64e-10 s                  ; 4.47e-10 s                  ; Yes                        ; Yes                        ; 2.32 V                      ; 6.92e-07 V                  ; 2.35 V             ; -0.00996 V         ; 0.121 V                             ; 0.03 V                              ; 4.64e-10 s                 ; 4.47e-10 s                 ; Yes                       ; Yes                       ;
; hex5[6]       ; 2.5 V        ; 0 s                 ; 0 s                 ; 2.32 V                       ; 6.92e-07 V                   ; 2.35 V              ; -0.00996 V          ; 0.121 V                              ; 0.03 V                               ; 4.64e-10 s                  ; 4.47e-10 s                  ; Yes                        ; Yes                        ; 2.32 V                      ; 6.92e-07 V                  ; 2.35 V             ; -0.00996 V         ; 0.121 V                             ; 0.03 V                              ; 4.64e-10 s                 ; 4.47e-10 s                 ; Yes                       ; Yes                       ;
; hex5[5]       ; 2.5 V        ; 0 s                 ; 0 s                 ; 2.32 V                       ; 6.92e-07 V                   ; 2.35 V              ; -0.00996 V          ; 0.121 V                              ; 0.03 V                               ; 4.64e-10 s                  ; 4.47e-10 s                  ; Yes                        ; Yes                        ; 2.32 V                      ; 6.92e-07 V                  ; 2.35 V             ; -0.00996 V         ; 0.121 V                             ; 0.03 V                              ; 4.64e-10 s                 ; 4.47e-10 s                 ; Yes                       ; Yes                       ;
; hex5[4]       ; 2.5 V        ; 0 s                 ; 0 s                 ; 2.32 V                       ; 6.92e-07 V                   ; 2.35 V              ; -0.00996 V          ; 0.121 V                              ; 0.03 V                               ; 4.64e-10 s                  ; 4.47e-10 s                  ; Yes                        ; Yes                        ; 2.32 V                      ; 6.92e-07 V                  ; 2.35 V             ; -0.00996 V         ; 0.121 V                             ; 0.03 V                              ; 4.64e-10 s                 ; 4.47e-10 s                 ; Yes                       ; Yes                       ;
; hex5[3]       ; 2.5 V        ; 0 s                 ; 0 s                 ; 2.32 V                       ; 6.92e-07 V                   ; 2.35 V              ; -0.00996 V          ; 0.121 V                              ; 0.03 V                               ; 4.64e-10 s                  ; 4.47e-10 s                  ; Yes                        ; Yes                        ; 2.32 V                      ; 6.92e-07 V                  ; 2.35 V             ; -0.00996 V         ; 0.121 V                             ; 0.03 V                              ; 4.64e-10 s                 ; 4.47e-10 s                 ; Yes                       ; Yes                       ;
; hex5[2]       ; 2.5 V        ; 0 s                 ; 0 s                 ; 2.32 V                       ; 6.92e-07 V                   ; 2.35 V              ; -0.00996 V          ; 0.121 V                              ; 0.03 V                               ; 4.64e-10 s                  ; 4.47e-10 s                  ; Yes                        ; Yes                        ; 2.32 V                      ; 6.92e-07 V                  ; 2.35 V             ; -0.00996 V         ; 0.121 V                             ; 0.03 V                              ; 4.64e-10 s                 ; 4.47e-10 s                 ; Yes                       ; Yes                       ;
; hex5[1]       ; 2.5 V        ; 0 s                 ; 0 s                 ; 2.32 V                       ; 6.92e-07 V                   ; 2.33 V              ; -0.00265 V          ; 0.133 V                              ; 0.056 V                              ; 3.55e-09 s                  ; 3.31e-09 s                  ; Yes                        ; Yes                        ; 2.32 V                      ; 6.92e-07 V                  ; 2.33 V             ; -0.00265 V         ; 0.133 V                             ; 0.056 V                             ; 3.55e-09 s                 ; 3.31e-09 s                 ; Yes                       ; Yes                       ;
; hex5[0]       ; 2.5 V        ; 0 s                 ; 0 s                 ; 2.32 V                       ; 6.92e-07 V                   ; 2.35 V              ; -0.00996 V          ; 0.121 V                              ; 0.03 V                               ; 4.64e-10 s                  ; 4.47e-10 s                  ; Yes                        ; Yes                        ; 2.32 V                      ; 6.92e-07 V                  ; 2.35 V             ; -0.00996 V         ; 0.121 V                             ; 0.03 V                              ; 4.64e-10 s                 ; 4.47e-10 s                 ; Yes                       ; Yes                       ;
; ~ALTERA_DCLK~ ; 2.5 V        ; 0 s                 ; 0 s                 ; 2.32 V                       ; 3.75e-07 V                   ; 2.35 V              ; -0.0109 V           ; 0.084 V                              ; 0.027 V                              ; 4.31e-10 s                  ; 3.61e-10 s                  ; Yes                        ; Yes                        ; 2.32 V                      ; 3.75e-07 V                  ; 2.35 V             ; -0.0109 V          ; 0.084 V                             ; 0.027 V                             ; 4.31e-10 s                 ; 3.61e-10 s                 ; Yes                       ; Yes                       ;
; ~ALTERA_nCEO~ ; 2.5 V        ; 0 s                 ; 0 s                 ; 2.32 V                       ; 6.15e-07 V                   ; 2.35 V              ; -0.00712 V          ; 0.093 V                              ; 0.02 V                               ; 6.21e-10 s                  ; 7.9e-10 s                   ; Yes                        ; Yes                        ; 2.32 V                      ; 6.15e-07 V                  ; 2.35 V             ; -0.00712 V         ; 0.093 V                             ; 0.02 V                              ; 6.21e-10 s                 ; 7.9e-10 s                  ; Yes                       ; Yes                       ;
+---------------+--------------+---------------------+---------------------+------------------------------+------------------------------+---------------------+---------------------+--------------------------------------+--------------------------------------+-----------------------------+-----------------------------+----------------------------+----------------------------+-----------------------------+-----------------------------+--------------------+--------------------+-------------------------------------+-------------------------------------+----------------------------+----------------------------+---------------------------+---------------------------+


+--------------------------------------------------------------------------------------------------------------------------------------------------------------------------------------------------------------------------------------------------------------------------------------------------------------------------------------------------------------------------------------------------------------------------------------------------------------------------------------------------------------------------------------------------------------------------------------------------------------------------------------------------------------------------------------------+
; Signal Integrity Metrics (Fast 1200mv 0c Model)                                                                                                                                                                                                                                                                                                                                                                                                                                                                                                                                                                                                                                            ;
+---------------+--------------+---------------------+---------------------+------------------------------+------------------------------+---------------------+---------------------+--------------------------------------+--------------------------------------+-----------------------------+-----------------------------+----------------------------+----------------------------+-----------------------------+-----------------------------+--------------------+--------------------+-------------------------------------+-------------------------------------+----------------------------+----------------------------+---------------------------+---------------------------+
; Pin           ; I/O Standard ; Board Delay on Rise ; Board Delay on Fall ; Steady State Voh at FPGA Pin ; Steady State Vol at FPGA Pin ; Voh Max at FPGA Pin ; Vol Min at FPGA Pin ; Ringback Voltage on Rise at FPGA Pin ; Ringback Voltage on Fall at FPGA Pin ; 10-90 Rise Time at FPGA Pin ; 90-10 Fall Time at FPGA Pin ; Monotonic Rise at FPGA Pin ; Monotonic Fall at FPGA Pin ; Steady State Voh at Far-end ; Steady State Vol at Far-end ; Voh Max at Far-end ; Vol Min at Far-end ; Ringback Voltage on Rise at Far-end ; Ringback Voltage on Fall at Far-end ; 10-90 Rise Time at Far-end ; 90-10 Fall Time at Far-end ; Monotonic Rise at Far-end ; Monotonic Fall at Far-end ;
+---------------+--------------+---------------------+---------------------+------------------------------+------------------------------+---------------------+---------------------+--------------------------------------+--------------------------------------+-----------------------------+-----------------------------+----------------------------+----------------------------+-----------------------------+-----------------------------+--------------------+--------------------+-------------------------------------+-------------------------------------+----------------------------+----------------------------+---------------------------+---------------------------+
; hex0[6]       ; 2.5 V        ; 0 s                 ; 0 s                 ; 2.62 V                       ; 2.74e-08 V                   ; 2.73 V              ; -0.0384 V           ; 0.169 V                              ; 0.089 V                              ; 2.7e-10 s                   ; 2.62e-10 s                  ; Yes                        ; Yes                        ; 2.62 V                      ; 2.74e-08 V                  ; 2.73 V             ; -0.0384 V          ; 0.169 V                             ; 0.089 V                             ; 2.7e-10 s                  ; 2.62e-10 s                 ; Yes                       ; Yes                       ;
; hex0[5]       ; 2.5 V        ; 0 s                 ; 0 s                 ; 2.62 V                       ; 2.74e-08 V                   ; 2.64 V              ; -0.0117 V           ; 0.202 V                              ; 0.176 V                              ; 2.38e-09 s                  ; 2.22e-09 s                  ; No                         ; Yes                        ; 2.62 V                      ; 2.74e-08 V                  ; 2.64 V             ; -0.0117 V          ; 0.202 V                             ; 0.176 V                             ; 2.38e-09 s                 ; 2.22e-09 s                 ; No                        ; Yes                       ;
; hex0[4]       ; 2.5 V        ; 0 s                 ; 0 s                 ; 2.62 V                       ; 2.74e-08 V                   ; 2.73 V              ; -0.0384 V           ; 0.169 V                              ; 0.089 V                              ; 2.7e-10 s                   ; 2.62e-10 s                  ; Yes                        ; Yes                        ; 2.62 V                      ; 2.74e-08 V                  ; 2.73 V             ; -0.0384 V          ; 0.169 V                             ; 0.089 V                             ; 2.7e-10 s                  ; 2.62e-10 s                 ; Yes                       ; Yes                       ;
; hex0[3]       ; 2.5 V        ; 0 s                 ; 0 s                 ; 2.62 V                       ; 2.74e-08 V                   ; 2.73 V              ; -0.0384 V           ; 0.169 V                              ; 0.089 V                              ; 2.7e-10 s                   ; 2.62e-10 s                  ; Yes                        ; Yes                        ; 2.62 V                      ; 2.74e-08 V                  ; 2.73 V             ; -0.0384 V          ; 0.169 V                             ; 0.089 V                             ; 2.7e-10 s                  ; 2.62e-10 s                 ; Yes                       ; Yes                       ;
; hex0[2]       ; 2.5 V        ; 0 s                 ; 0 s                 ; 2.62 V                       ; 4.05e-08 V                   ; 2.72 V              ; -0.0349 V           ; 0.173 V                              ; 0.1 V                                ; 2.72e-10 s                  ; 2.69e-10 s                  ; Yes                        ; Yes                        ; 2.62 V                      ; 4.05e-08 V                  ; 2.72 V             ; -0.0349 V          ; 0.173 V                             ; 0.1 V                               ; 2.72e-10 s                 ; 2.69e-10 s                 ; Yes                       ; Yes                       ;
; hex0[1]       ; 2.5 V        ; 0 s                 ; 0 s                 ; 2.62 V                       ; 4.05e-08 V                   ; 2.64 V              ; -0.0113 V           ; 0.208 V                              ; 0.179 V                              ; 2.38e-09 s                  ; 2.23e-09 s                  ; No                         ; Yes                        ; 2.62 V                      ; 4.05e-08 V                  ; 2.64 V             ; -0.0113 V          ; 0.208 V                             ; 0.179 V                             ; 2.38e-09 s                 ; 2.23e-09 s                 ; No                        ; Yes                       ;
; hex0[0]       ; 2.5 V        ; 0 s                 ; 0 s                 ; 2.62 V                       ; 4.05e-08 V                   ; 2.72 V              ; -0.0349 V           ; 0.173 V                              ; 0.1 V                                ; 2.72e-10 s                  ; 2.69e-10 s                  ; Yes                        ; Yes                        ; 2.62 V                      ; 4.05e-08 V                  ; 2.72 V             ; -0.0349 V          ; 0.173 V                             ; 0.1 V                               ; 2.72e-10 s                 ; 2.69e-10 s                 ; Yes                       ; Yes                       ;
; hex2[6]       ; 2.5 V        ; 0 s                 ; 0 s                 ; 2.62 V                       ; 2.74e-08 V                   ; 2.71 V              ; -0.0317 V           ; 0.148 V                              ; 0.064 V                              ; 4.51e-10 s                  ; 4.15e-10 s                  ; No                         ; Yes                        ; 2.62 V                      ; 2.74e-08 V                  ; 2.71 V             ; -0.0317 V          ; 0.148 V                             ; 0.064 V                             ; 4.51e-10 s                 ; 4.15e-10 s                 ; No                        ; Yes                       ;
; hex2[5]       ; 2.5 V        ; 0 s                 ; 0 s                 ; 2.62 V                       ; 2.74e-08 V                   ; 2.71 V              ; -0.0317 V           ; 0.148 V                              ; 0.064 V                              ; 4.51e-10 s                  ; 4.15e-10 s                  ; No                         ; Yes                        ; 2.62 V                      ; 2.74e-08 V                  ; 2.71 V             ; -0.0317 V          ; 0.148 V                             ; 0.064 V                             ; 4.51e-10 s                 ; 4.15e-10 s                 ; No                        ; Yes                       ;
; hex2[4]       ; 2.5 V        ; 0 s                 ; 0 s                 ; 2.62 V                       ; 2.74e-08 V                   ; 2.71 V              ; -0.0317 V           ; 0.148 V                              ; 0.064 V                              ; 4.51e-10 s                  ; 4.15e-10 s                  ; No                         ; Yes                        ; 2.62 V                      ; 2.74e-08 V                  ; 2.71 V             ; -0.0317 V          ; 0.148 V                             ; 0.064 V                             ; 4.51e-10 s                 ; 4.15e-10 s                 ; No                        ; Yes                       ;
; hex2[3]       ; 2.5 V        ; 0 s                 ; 0 s                 ; 2.62 V                       ; 2.74e-08 V                   ; 2.71 V              ; -0.0317 V           ; 0.148 V                              ; 0.064 V                              ; 4.51e-10 s                  ; 4.15e-10 s                  ; No                         ; Yes                        ; 2.62 V                      ; 2.74e-08 V                  ; 2.71 V             ; -0.0317 V          ; 0.148 V                             ; 0.064 V                             ; 4.51e-10 s                 ; 4.15e-10 s                 ; No                        ; Yes                       ;
; hex2[2]       ; 2.5 V        ; 0 s                 ; 0 s                 ; 2.62 V                       ; 2.74e-08 V                   ; 2.71 V              ; -0.0317 V           ; 0.148 V                              ; 0.064 V                              ; 4.51e-10 s                  ; 4.15e-10 s                  ; No                         ; Yes                        ; 2.62 V                      ; 2.74e-08 V                  ; 2.71 V             ; -0.0317 V          ; 0.148 V                             ; 0.064 V                             ; 4.51e-10 s                 ; 4.15e-10 s                 ; No                        ; Yes                       ;
; hex2[1]       ; 2.5 V        ; 0 s                 ; 0 s                 ; 2.62 V                       ; 2.74e-08 V                   ; 2.71 V              ; -0.0317 V           ; 0.148 V                              ; 0.064 V                              ; 4.51e-10 s                  ; 4.15e-10 s                  ; No                         ; Yes                        ; 2.62 V                      ; 2.74e-08 V                  ; 2.71 V             ; -0.0317 V          ; 0.148 V                             ; 0.064 V                             ; 4.51e-10 s                 ; 4.15e-10 s                 ; No                        ; Yes                       ;
; hex2[0]       ; 2.5 V        ; 0 s                 ; 0 s                 ; 2.62 V                       ; 2.74e-08 V                   ; 2.71 V              ; -0.0317 V           ; 0.148 V                              ; 0.064 V                              ; 4.51e-10 s                  ; 4.15e-10 s                  ; No                         ; Yes                        ; 2.62 V                      ; 2.74e-08 V                  ; 2.71 V             ; -0.0317 V          ; 0.148 V                             ; 0.064 V                             ; 4.51e-10 s                 ; 4.15e-10 s                 ; No                        ; Yes                       ;
; hex3[6]       ; 2.5 V        ; 0 s                 ; 0 s                 ; 2.62 V                       ; 4.05e-08 V                   ; 2.72 V              ; -0.0349 V           ; 0.173 V                              ; 0.1 V                                ; 2.72e-10 s                  ; 2.69e-10 s                  ; Yes                        ; Yes                        ; 2.62 V                      ; 4.05e-08 V                  ; 2.72 V             ; -0.0349 V          ; 0.173 V                             ; 0.1 V                               ; 2.72e-10 s                 ; 2.69e-10 s                 ; Yes                       ; Yes                       ;
; hex3[5]       ; 2.5 V        ; 0 s                 ; 0 s                 ; 2.62 V                       ; 4.05e-08 V                   ; 2.72 V              ; -0.0349 V           ; 0.173 V                              ; 0.1 V                                ; 2.72e-10 s                  ; 2.69e-10 s                  ; Yes                        ; Yes                        ; 2.62 V                      ; 4.05e-08 V                  ; 2.72 V             ; -0.0349 V          ; 0.173 V                             ; 0.1 V                               ; 2.72e-10 s                 ; 2.69e-10 s                 ; Yes                       ; Yes                       ;
; hex3[4]       ; 2.5 V        ; 0 s                 ; 0 s                 ; 2.62 V                       ; 4.05e-08 V                   ; 2.72 V              ; -0.0349 V           ; 0.173 V                              ; 0.1 V                                ; 2.72e-10 s                  ; 2.69e-10 s                  ; Yes                        ; Yes                        ; 2.62 V                      ; 4.05e-08 V                  ; 2.72 V             ; -0.0349 V          ; 0.173 V                             ; 0.1 V                               ; 2.72e-10 s                 ; 2.69e-10 s                 ; Yes                       ; Yes                       ;
; hex3[3]       ; 2.5 V        ; 0 s                 ; 0 s                 ; 2.62 V                       ; 4.05e-08 V                   ; 2.72 V              ; -0.0349 V           ; 0.173 V                              ; 0.1 V                                ; 2.72e-10 s                  ; 2.69e-10 s                  ; Yes                        ; Yes                        ; 2.62 V                      ; 4.05e-08 V                  ; 2.72 V             ; -0.0349 V          ; 0.173 V                             ; 0.1 V                               ; 2.72e-10 s                 ; 2.69e-10 s                 ; Yes                       ; Yes                       ;
; hex3[2]       ; 2.5 V        ; 0 s                 ; 0 s                 ; 2.62 V                       ; 4.05e-08 V                   ; 2.64 V              ; -0.0113 V           ; 0.208 V                              ; 0.179 V                              ; 2.38e-09 s                  ; 2.23e-09 s                  ; No                         ; Yes                        ; 2.62 V                      ; 4.05e-08 V                  ; 2.64 V             ; -0.0113 V          ; 0.208 V                             ; 0.179 V                             ; 2.38e-09 s                 ; 2.23e-09 s                 ; No                        ; Yes                       ;
; hex3[1]       ; 2.5 V        ; 0 s                 ; 0 s                 ; 2.62 V                       ; 2.74e-08 V                   ; 2.73 V              ; -0.0384 V           ; 0.169 V                              ; 0.089 V                              ; 2.7e-10 s                   ; 2.62e-10 s                  ; Yes                        ; Yes                        ; 2.62 V                      ; 2.74e-08 V                  ; 2.73 V             ; -0.0384 V          ; 0.169 V                             ; 0.089 V                             ; 2.7e-10 s                  ; 2.62e-10 s                 ; Yes                       ; Yes                       ;
; hex3[0]       ; 2.5 V        ; 0 s                 ; 0 s                 ; 2.62 V                       ; 2.74e-08 V                   ; 2.71 V              ; -0.0317 V           ; 0.148 V                              ; 0.064 V                              ; 4.51e-10 s                  ; 4.15e-10 s                  ; No                         ; Yes                        ; 2.62 V                      ; 2.74e-08 V                  ; 2.71 V             ; -0.0317 V          ; 0.148 V                             ; 0.064 V                             ; 4.51e-10 s                 ; 4.15e-10 s                 ; No                        ; Yes                       ;
; hex4[6]       ; 2.5 V        ; 0 s                 ; 0 s                 ; 2.62 V                       ; 4.05e-08 V                   ; 2.72 V              ; -0.0349 V           ; 0.173 V                              ; 0.1 V                                ; 2.72e-10 s                  ; 2.69e-10 s                  ; Yes                        ; Yes                        ; 2.62 V                      ; 4.05e-08 V                  ; 2.72 V             ; -0.0349 V          ; 0.173 V                             ; 0.1 V                               ; 2.72e-10 s                 ; 2.69e-10 s                 ; Yes                       ; Yes                       ;
; hex4[5]       ; 2.5 V        ; 0 s                 ; 0 s                 ; 2.62 V                       ; 4.05e-08 V                   ; 2.72 V              ; -0.0349 V           ; 0.173 V                              ; 0.1 V                                ; 2.72e-10 s                  ; 2.69e-10 s                  ; Yes                        ; Yes                        ; 2.62 V                      ; 4.05e-08 V                  ; 2.72 V             ; -0.0349 V          ; 0.173 V                             ; 0.1 V                               ; 2.72e-10 s                 ; 2.69e-10 s                 ; Yes                       ; Yes                       ;
; hex4[4]       ; 2.5 V        ; 0 s                 ; 0 s                 ; 2.62 V                       ; 4.05e-08 V                   ; 2.72 V              ; -0.0349 V           ; 0.173 V                              ; 0.1 V                                ; 2.72e-10 s                  ; 2.69e-10 s                  ; Yes                        ; Yes                        ; 2.62 V                      ; 4.05e-08 V                  ; 2.72 V             ; -0.0349 V          ; 0.173 V                             ; 0.1 V                               ; 2.72e-10 s                 ; 2.69e-10 s                 ; Yes                       ; Yes                       ;
; hex4[3]       ; 2.5 V        ; 0 s                 ; 0 s                 ; 2.62 V                       ; 4.05e-08 V                   ; 2.72 V              ; -0.0349 V           ; 0.173 V                              ; 0.1 V                                ; 2.72e-10 s                  ; 2.69e-10 s                  ; Yes                        ; Yes                        ; 2.62 V                      ; 4.05e-08 V                  ; 2.72 V             ; -0.0349 V          ; 0.173 V                             ; 0.1 V                               ; 2.72e-10 s                 ; 2.69e-10 s                 ; Yes                       ; Yes                       ;
; hex4[2]       ; 2.5 V        ; 0 s                 ; 0 s                 ; 2.62 V                       ; 4.05e-08 V                   ; 2.72 V              ; -0.0349 V           ; 0.173 V                              ; 0.1 V                                ; 2.72e-10 s                  ; 2.69e-10 s                  ; Yes                        ; Yes                        ; 2.62 V                      ; 4.05e-08 V                  ; 2.72 V             ; -0.0349 V          ; 0.173 V                             ; 0.1 V                               ; 2.72e-10 s                 ; 2.69e-10 s                 ; Yes                       ; Yes                       ;
; hex4[1]       ; 2.5 V        ; 0 s                 ; 0 s                 ; 2.62 V                       ; 4.05e-08 V                   ; 2.72 V              ; -0.0349 V           ; 0.173 V                              ; 0.1 V                                ; 2.72e-10 s                  ; 2.69e-10 s                  ; Yes                        ; Yes                        ; 2.62 V                      ; 4.05e-08 V                  ; 2.72 V             ; -0.0349 V          ; 0.173 V                             ; 0.1 V                               ; 2.72e-10 s                 ; 2.69e-10 s                 ; Yes                       ; Yes                       ;
; hex4[0]       ; 2.5 V        ; 0 s                 ; 0 s                 ; 2.62 V                       ; 4.05e-08 V                   ; 2.72 V              ; -0.0349 V           ; 0.173 V                              ; 0.1 V                                ; 2.72e-10 s                  ; 2.69e-10 s                  ; Yes                        ; Yes                        ; 2.62 V                      ; 4.05e-08 V                  ; 2.72 V             ; -0.0349 V          ; 0.173 V                             ; 0.1 V                               ; 2.72e-10 s                 ; 2.69e-10 s                 ; Yes                       ; Yes                       ;
; hex5[6]       ; 2.5 V        ; 0 s                 ; 0 s                 ; 2.62 V                       ; 4.05e-08 V                   ; 2.72 V              ; -0.0349 V           ; 0.173 V                              ; 0.1 V                                ; 2.72e-10 s                  ; 2.69e-10 s                  ; Yes                        ; Yes                        ; 2.62 V                      ; 4.05e-08 V                  ; 2.72 V             ; -0.0349 V          ; 0.173 V                             ; 0.1 V                               ; 2.72e-10 s                 ; 2.69e-10 s                 ; Yes                       ; Yes                       ;
; hex5[5]       ; 2.5 V        ; 0 s                 ; 0 s                 ; 2.62 V                       ; 4.05e-08 V                   ; 2.72 V              ; -0.0349 V           ; 0.173 V                              ; 0.1 V                                ; 2.72e-10 s                  ; 2.69e-10 s                  ; Yes                        ; Yes                        ; 2.62 V                      ; 4.05e-08 V                  ; 2.72 V             ; -0.0349 V          ; 0.173 V                             ; 0.1 V                               ; 2.72e-10 s                 ; 2.69e-10 s                 ; Yes                       ; Yes                       ;
; hex5[4]       ; 2.5 V        ; 0 s                 ; 0 s                 ; 2.62 V                       ; 4.05e-08 V                   ; 2.72 V              ; -0.0349 V           ; 0.173 V                              ; 0.1 V                                ; 2.72e-10 s                  ; 2.69e-10 s                  ; Yes                        ; Yes                        ; 2.62 V                      ; 4.05e-08 V                  ; 2.72 V             ; -0.0349 V          ; 0.173 V                             ; 0.1 V                               ; 2.72e-10 s                 ; 2.69e-10 s                 ; Yes                       ; Yes                       ;
; hex5[3]       ; 2.5 V        ; 0 s                 ; 0 s                 ; 2.62 V                       ; 4.05e-08 V                   ; 2.72 V              ; -0.0349 V           ; 0.173 V                              ; 0.1 V                                ; 2.72e-10 s                  ; 2.69e-10 s                  ; Yes                        ; Yes                        ; 2.62 V                      ; 4.05e-08 V                  ; 2.72 V             ; -0.0349 V          ; 0.173 V                             ; 0.1 V                               ; 2.72e-10 s                 ; 2.69e-10 s                 ; Yes                       ; Yes                       ;
; hex5[2]       ; 2.5 V        ; 0 s                 ; 0 s                 ; 2.62 V                       ; 4.05e-08 V                   ; 2.72 V              ; -0.0349 V           ; 0.173 V                              ; 0.1 V                                ; 2.72e-10 s                  ; 2.69e-10 s                  ; Yes                        ; Yes                        ; 2.62 V                      ; 4.05e-08 V                  ; 2.72 V             ; -0.0349 V          ; 0.173 V                             ; 0.1 V                               ; 2.72e-10 s                 ; 2.69e-10 s                 ; Yes                       ; Yes                       ;
; hex5[1]       ; 2.5 V        ; 0 s                 ; 0 s                 ; 2.62 V                       ; 4.05e-08 V                   ; 2.64 V              ; -0.0113 V           ; 0.208 V                              ; 0.179 V                              ; 2.38e-09 s                  ; 2.23e-09 s                  ; No                         ; Yes                        ; 2.62 V                      ; 4.05e-08 V                  ; 2.64 V             ; -0.0113 V          ; 0.208 V                             ; 0.179 V                             ; 2.38e-09 s                 ; 2.23e-09 s                 ; No                        ; Yes                       ;
; hex5[0]       ; 2.5 V        ; 0 s                 ; 0 s                 ; 2.62 V                       ; 4.05e-08 V                   ; 2.72 V              ; -0.0349 V           ; 0.173 V                              ; 0.1 V                                ; 2.72e-10 s                  ; 2.69e-10 s                  ; Yes                        ; Yes                        ; 2.62 V                      ; 4.05e-08 V                  ; 2.72 V             ; -0.0349 V          ; 0.173 V                             ; 0.1 V                               ; 2.72e-10 s                 ; 2.69e-10 s                 ; Yes                       ; Yes                       ;
; ~ALTERA_DCLK~ ; 2.5 V        ; 0 s                 ; 0 s                 ; 2.62 V                       ; 2.22e-08 V                   ; 2.74 V              ; -0.06 V             ; 0.158 V                              ; 0.08 V                               ; 2.68e-10 s                  ; 2.19e-10 s                  ; Yes                        ; Yes                        ; 2.62 V                      ; 2.22e-08 V                  ; 2.74 V             ; -0.06 V            ; 0.158 V                             ; 0.08 V                              ; 2.68e-10 s                 ; 2.19e-10 s                 ; Yes                       ; Yes                       ;
; ~ALTERA_nCEO~ ; 2.5 V        ; 0 s                 ; 0 s                 ; 2.62 V                       ; 3.54e-08 V                   ; 2.7 V               ; -0.00943 V          ; 0.276 V                              ; 0.035 V                              ; 3.19e-10 s                  ; 4.99e-10 s                  ; No                         ; Yes                        ; 2.62 V                      ; 3.54e-08 V                  ; 2.7 V              ; -0.00943 V         ; 0.276 V                             ; 0.035 V                             ; 3.19e-10 s                 ; 4.99e-10 s                 ; No                        ; Yes                       ;
+---------------+--------------+---------------------+---------------------+------------------------------+------------------------------+---------------------+---------------------+--------------------------------------+--------------------------------------+-----------------------------+-----------------------------+----------------------------+----------------------------+-----------------------------+-----------------------------+--------------------+--------------------+-------------------------------------+-------------------------------------+----------------------------+----------------------------+---------------------------+---------------------------+


+-------------------------------------------------------------------+
; Setup Transfers                                                   ;
+------------+----------+----------+----------+----------+----------+
; From Clock ; To Clock ; RR Paths ; FR Paths ; RF Paths ; FF Paths ;
+------------+----------+----------+----------+----------+----------+
; clock      ; clock    ; 2766     ; 0        ; 0        ; 0        ;
; CLOCK_50   ; CLOCK_50 ; 232      ; 0        ; 0        ; 0        ;
+------------+----------+----------+----------+----------+----------+
Entries labeled "false path" only account for clock-to-clock false paths and not path-based false paths. As a result, actual path counts may be lower than reported.


+-------------------------------------------------------------------+
; Hold Transfers                                                    ;
+------------+----------+----------+----------+----------+----------+
; From Clock ; To Clock ; RR Paths ; FR Paths ; RF Paths ; FF Paths ;
+------------+----------+----------+----------+----------+----------+
; clock      ; clock    ; 2766     ; 0        ; 0        ; 0        ;
; CLOCK_50   ; CLOCK_50 ; 232      ; 0        ; 0        ; 0        ;
+------------+----------+----------+----------+----------+----------+
Entries labeled "false path" only account for clock-to-clock false paths and not path-based false paths. As a result, actual path counts may be lower than reported.


---------------
; Report TCCS ;
---------------
No dedicated SERDES Transmitter circuitry present in device or used in design


---------------
; Report RSKM ;
---------------
No non-DPA dedicated SERDES Receiver circuitry present in device or used in design


+------------------------------------------------+
; Unconstrained Paths Summary                    ;
+---------------------------------+-------+------+
; Property                        ; Setup ; Hold ;
+---------------------------------+-------+------+
; Illegal Clocks                  ; 0     ; 0    ;
; Unconstrained Clocks            ; 0     ; 0    ;
; Unconstrained Input Ports       ; 4     ; 4    ;
; Unconstrained Input Port Paths  ; 140   ; 140  ;
; Unconstrained Output Ports      ; 35    ; 35   ;
; Unconstrained Output Port Paths ; 1036  ; 1036 ;
+---------------------------------+-------+------+


+------------------------------------------+
; Clock Status Summary                     ;
+----------+----------+------+-------------+
; Target   ; Clock    ; Type ; Status      ;
+----------+----------+------+-------------+
; CLOCK_50 ; CLOCK_50 ; Base ; Constrained ;
; clock    ; clock    ; Base ; Constrained ;
+----------+----------+------+-------------+


+---------------------------------------------------------------------------------------------------+
; Unconstrained Input Ports                                                                         ;
+------------+--------------------------------------------------------------------------------------+
; Input Port ; Comment                                                                              ;
+------------+--------------------------------------------------------------------------------------+
; sw[0]      ; No input delay, min/max delays, false-path exceptions, or max skew assignments found ;
; sw[1]      ; No input delay, min/max delays, false-path exceptions, or max skew assignments found ;
; sw[2]      ; No input delay, min/max delays, false-path exceptions, or max skew assignments found ;
; sw[3]      ; No input delay, min/max delays, false-path exceptions, or max skew assignments found ;
+------------+--------------------------------------------------------------------------------------+


+-----------------------------------------------------------------------------------------------------+
; Unconstrained Output Ports                                                                          ;
+-------------+---------------------------------------------------------------------------------------+
; Output Port ; Comment                                                                               ;
+-------------+---------------------------------------------------------------------------------------+
; hex0[0]     ; No output delay, min/max delays, false-path exceptions, or max skew assignments found ;
; hex0[1]     ; No output delay, min/max delays, false-path exceptions, or max skew assignments found ;
; hex0[2]     ; No output delay, min/max delays, false-path exceptions, or max skew assignments found ;
; hex0[3]     ; No output delay, min/max delays, false-path exceptions, or max skew assignments found ;
; hex0[4]     ; No output delay, min/max delays, false-path exceptions, or max skew assignments found ;
; hex0[5]     ; No output delay, min/max delays, false-path exceptions, or max skew assignments found ;
; hex0[6]     ; No output delay, min/max delays, false-path exceptions, or max skew assignments found ;
; hex2[0]     ; No output delay, min/max delays, false-path exceptions, or max skew assignments found ;
; hex2[1]     ; No output delay, min/max delays, false-path exceptions, or max skew assignments found ;
; hex2[2]     ; No output delay, min/max delays, false-path exceptions, or max skew assignments found ;
; hex2[3]     ; No output delay, min/max delays, false-path exceptions, or max skew assignments found ;
; hex2[4]     ; No output delay, min/max delays, false-path exceptions, or max skew assignments found ;
; hex2[5]     ; No output delay, min/max delays, false-path exceptions, or max skew assignments found ;
; hex2[6]     ; No output delay, min/max delays, false-path exceptions, or max skew assignments found ;
; hex3[0]     ; No output delay, min/max delays, false-path exceptions, or max skew assignments found ;
; hex3[1]     ; No output delay, min/max delays, false-path exceptions, or max skew assignments found ;
; hex3[2]     ; No output delay, min/max delays, false-path exceptions, or max skew assignments found ;
; hex3[3]     ; No output delay, min/max delays, false-path exceptions, or max skew assignments found ;
; hex3[4]     ; No output delay, min/max delays, false-path exceptions, or max skew assignments found ;
; hex3[5]     ; No output delay, min/max delays, false-path exceptions, or max skew assignments found ;
; hex3[6]     ; No output delay, min/max delays, false-path exceptions, or max skew assignments found ;
; hex4[0]     ; No output delay, min/max delays, false-path exceptions, or max skew assignments found ;
; hex4[1]     ; No output delay, min/max delays, false-path exceptions, or max skew assignments found ;
; hex4[2]     ; No output delay, min/max delays, false-path exceptions, or max skew assignments found ;
; hex4[3]     ; No output delay, min/max delays, false-path exceptions, or max skew assignments found ;
; hex4[4]     ; No output delay, min/max delays, false-path exceptions, or max skew assignments found ;
; hex4[5]     ; No output delay, min/max delays, false-path exceptions, or max skew assignments found ;
; hex4[6]     ; No output delay, min/max delays, false-path exceptions, or max skew assignments found ;
; hex5[0]     ; No output delay, min/max delays, false-path exceptions, or max skew assignments found ;
; hex5[1]     ; No output delay, min/max delays, false-path exceptions, or max skew assignments found ;
; hex5[2]     ; No output delay, min/max delays, false-path exceptions, or max skew assignments found ;
; hex5[3]     ; No output delay, min/max delays, false-path exceptions, or max skew assignments found ;
; hex5[4]     ; No output delay, min/max delays, false-path exceptions, or max skew assignments found ;
; hex5[5]     ; No output delay, min/max delays, false-path exceptions, or max skew assignments found ;
; hex5[6]     ; No output delay, min/max delays, false-path exceptions, or max skew assignments found ;
+-------------+---------------------------------------------------------------------------------------+


+---------------------------------------------------------------------------------------------------+
; Unconstrained Input Ports                                                                         ;
+------------+--------------------------------------------------------------------------------------+
; Input Port ; Comment                                                                              ;
+------------+--------------------------------------------------------------------------------------+
; sw[0]      ; No input delay, min/max delays, false-path exceptions, or max skew assignments found ;
; sw[1]      ; No input delay, min/max delays, false-path exceptions, or max skew assignments found ;
; sw[2]      ; No input delay, min/max delays, false-path exceptions, or max skew assignments found ;
; sw[3]      ; No input delay, min/max delays, false-path exceptions, or max skew assignments found ;
+------------+--------------------------------------------------------------------------------------+


+-----------------------------------------------------------------------------------------------------+
; Unconstrained Output Ports                                                                          ;
+-------------+---------------------------------------------------------------------------------------+
; Output Port ; Comment                                                                               ;
+-------------+---------------------------------------------------------------------------------------+
; hex0[0]     ; No output delay, min/max delays, false-path exceptions, or max skew assignments found ;
; hex0[1]     ; No output delay, min/max delays, false-path exceptions, or max skew assignments found ;
; hex0[2]     ; No output delay, min/max delays, false-path exceptions, or max skew assignments found ;
; hex0[3]     ; No output delay, min/max delays, false-path exceptions, or max skew assignments found ;
; hex0[4]     ; No output delay, min/max delays, false-path exceptions, or max skew assignments found ;
; hex0[5]     ; No output delay, min/max delays, false-path exceptions, or max skew assignments found ;
; hex0[6]     ; No output delay, min/max delays, false-path exceptions, or max skew assignments found ;
; hex2[0]     ; No output delay, min/max delays, false-path exceptions, or max skew assignments found ;
; hex2[1]     ; No output delay, min/max delays, false-path exceptions, or max skew assignments found ;
; hex2[2]     ; No output delay, min/max delays, false-path exceptions, or max skew assignments found ;
; hex2[3]     ; No output delay, min/max delays, false-path exceptions, or max skew assignments found ;
; hex2[4]     ; No output delay, min/max delays, false-path exceptions, or max skew assignments found ;
; hex2[5]     ; No output delay, min/max delays, false-path exceptions, or max skew assignments found ;
; hex2[6]     ; No output delay, min/max delays, false-path exceptions, or max skew assignments found ;
; hex3[0]     ; No output delay, min/max delays, false-path exceptions, or max skew assignments found ;
; hex3[1]     ; No output delay, min/max delays, false-path exceptions, or max skew assignments found ;
; hex3[2]     ; No output delay, min/max delays, false-path exceptions, or max skew assignments found ;
; hex3[3]     ; No output delay, min/max delays, false-path exceptions, or max skew assignments found ;
; hex3[4]     ; No output delay, min/max delays, false-path exceptions, or max skew assignments found ;
; hex3[5]     ; No output delay, min/max delays, false-path exceptions, or max skew assignments found ;
; hex3[6]     ; No output delay, min/max delays, false-path exceptions, or max skew assignments found ;
; hex4[0]     ; No output delay, min/max delays, false-path exceptions, or max skew assignments found ;
; hex4[1]     ; No output delay, min/max delays, false-path exceptions, or max skew assignments found ;
; hex4[2]     ; No output delay, min/max delays, false-path exceptions, or max skew assignments found ;
; hex4[3]     ; No output delay, min/max delays, false-path exceptions, or max skew assignments found ;
; hex4[4]     ; No output delay, min/max delays, false-path exceptions, or max skew assignments found ;
; hex4[5]     ; No output delay, min/max delays, false-path exceptions, or max skew assignments found ;
; hex4[6]     ; No output delay, min/max delays, false-path exceptions, or max skew assignments found ;
; hex5[0]     ; No output delay, min/max delays, false-path exceptions, or max skew assignments found ;
; hex5[1]     ; No output delay, min/max delays, false-path exceptions, or max skew assignments found ;
; hex5[2]     ; No output delay, min/max delays, false-path exceptions, or max skew assignments found ;
; hex5[3]     ; No output delay, min/max delays, false-path exceptions, or max skew assignments found ;
; hex5[4]     ; No output delay, min/max delays, false-path exceptions, or max skew assignments found ;
; hex5[5]     ; No output delay, min/max delays, false-path exceptions, or max skew assignments found ;
; hex5[6]     ; No output delay, min/max delays, false-path exceptions, or max skew assignments found ;
+-------------+---------------------------------------------------------------------------------------+


+--------------------------+
; Timing Analyzer Messages ;
+--------------------------+
Info: *******************************************************************
Info: Running Quartus Prime Timing Analyzer
    Info: Version 20.1.0 Build 711 06/05/2020 SJ Lite Edition
    Info: Processing started: Mon Dec 01 14:37:51 2025
Info: Command: quartus_sta pipeline_cpu -c pipeline_cpu
Info: qsta_default_script.tcl version: #1
Warning (18236): Number of processors has not been specified which may cause overloading on shared machines.  Set the global assignment NUM_PARALLEL_PROCESSORS in your QSF to an appropriate value for best performance.
Info (20030): Parallel compilation is enabled and will use 8 of the 8 processors detected
Info (21077): Low junction temperature is 0 degrees C
Info (21077): High junction temperature is 85 degrees C
Critical Warning (332012): Synopsys Design Constraints File file not found: 'pipeline_cpu.sdc'. A Synopsys Design Constraints File is required by the Timing Analyzer to get proper timing constraints. Without it, the Compiler will not properly optimize the design.
Info (332142): No user constrained base clocks found in the design. Calling "derive_clocks -period 1.0"
Info (332105): Deriving Clocks
    Info (332105): create_clock -period 1.000 -name CLOCK_50 CLOCK_50
    Info (332105): create_clock -period 1.000 -name clock clock
Info (332143): No user constrained clock uncertainty found in the design. Calling "derive_clock_uncertainty"
Info (332123): Deriving Clock Uncertainty. Please refer to report_sdc in the Timing Analyzer to see clock uncertainties.
Info: Found TIMING_ANALYZER_REPORT_SCRIPT_INCLUDE_DEFAULT_ANALYSIS = ON
Info: Analyzing Slow 1200mV 85C Model
Critical Warning (332148): Timing requirements not met
    Info (11105): For recommendations on closing timing, run Report Timing Closure Recommendations in the Timing Analyzer.
Info (332146): Worst-case setup slack is -7.373
    Info (332119):     Slack       End Point TNS Clock 
    Info (332119): ========= =================== =====================
    Info (332119):    -7.373            -732.104 clock 
    Info (332119):    -1.658             -22.040 CLOCK_50 
Info (332146): Worst-case hold slack is 0.404
    Info (332119):     Slack       End Point TNS Clock 
    Info (332119): ========= =================== =====================
    Info (332119):     0.404               0.000 clock 
    Info (332119):     0.440               0.000 CLOCK_50 
Info (332140): No Recovery paths to report
Info (332140): No Removal paths to report
Info (332146): Worst-case minimum pulse width slack is -3.000
    Info (332119):     Slack       End Point TNS Clock 
    Info (332119): ========= =================== =====================
    Info (332119):    -3.000             -20.990 CLOCK_50 
    Info (332119):    -1.285            -443.325 clock 
Info: Analyzing Slow 1200mV 0C Model
Info (334003): Started post-fitting delay annotation
Info (334004): Delay annotation completed successfully
Info (332123): Deriving Clock Uncertainty. Please refer to report_sdc in the Timing Analyzer to see clock uncertainties.
Critical Warning (332148): Timing requirements not met
    Info (11105): For recommendations on closing timing, run Report Timing Closure Recommendations in the Timing Analyzer.
Info (332146): Worst-case setup slack is -6.668
    Info (332119):     Slack       End Point TNS Clock 
    Info (332119): ========= =================== =====================
    Info (332119):    -6.668            -640.367 clock 
    Info (332119):    -1.424             -18.872 CLOCK_50 
Info (332146): Worst-case hold slack is 0.355
    Info (332119):     Slack       End Point TNS Clock 
    Info (332119): ========= =================== =====================
    Info (332119):     0.355               0.000 clock 
    Info (332119):     0.397               0.000 CLOCK_50 
Info (332140): No Recovery paths to report
Info (332140): No Removal paths to report
Info (332146): Worst-case minimum pulse width slack is -3.000
    Info (332119):     Slack       End Point TNS Clock 
    Info (332119): ========= =================== =====================
    Info (332119):    -3.000             -20.990 CLOCK_50 
    Info (332119):    -1.285            -443.325 clock 
Info: Analyzing Fast 1200mV 0C Model
Info (332123): Deriving Clock Uncertainty. Please refer to report_sdc in the Timing Analyzer to see clock uncertainties.
Critical Warning (332148): Timing requirements not met
    Info (11105): For recommendations on closing timing, run Report Timing Closure Recommendations in the Timing Analyzer.
Info (332146): Worst-case setup slack is -3.115
    Info (332119):     Slack       End Point TNS Clock 
    Info (332119): ========= =================== =====================
    Info (332119):    -3.115            -199.586 clock 
    Info (332119):    -0.241              -2.865 CLOCK_50 
Info (332146): Worst-case hold slack is 0.182
    Info (332119):     Slack       End Point TNS Clock 
    Info (332119): ========= =================== =====================
    Info (332119):     0.182               0.000 clock 
    Info (332119):     0.198               0.000 CLOCK_50 
Info (332140): No Recovery paths to report
Info (332140): No Removal paths to report
Info (332146): Worst-case minimum pulse width slack is -3.000
    Info (332119):     Slack       End Point TNS Clock 
    Info (332119): ========= =================== =====================
    Info (332119):    -3.000             -17.884 CLOCK_50 
    Info (332119):    -1.000            -345.000 clock 
Info (332102): Design is not fully constrained for setup requirements
Info (332102): Design is not fully constrained for hold requirements
Info: Quartus Prime Timing Analyzer was successful. 0 errors, 5 warnings
    Info: Peak virtual memory: 4905 megabytes
    Info: Processing ended: Mon Dec 01 14:37:53 2025
    Info: Elapsed time: 00:00:02
    Info: Total CPU time (on all processors): 00:00:02


